position_x,position_y,position_z,bo_mu,bo_std
2.0865629951616853,5.117700665597407,13.762690209957693,0.017203916173578,1.8123754261509908
15.459224849864722,8.89405301173157,13.990096558732485,0.007169470321582045,2.4040875559590793
1.7183097116154706,24.983725849225927,13.7122404993475,0.07808939827322894,1.0997067913723104
27.24051454977601,2.2214208496409817,13.922946614066653,0.03307574799432336,1.8025420632000233
-5.547508670742441,25.90896448902698,14.105376315518084,0.06196901110203861,1.6370947187487308
15.861596331604465,23.669836549173716,10.26634946371234,0.05220077778707457,1.4105981792474436
19.45467018224466,2.345654694690335,13.905011314677946,0.05770927345528442,1.8045243339893124
-5.634488648989311,25.232289108689187,14.000713693075854,0.04165087639160299,1.715093558654456
-8.923675437377392,18.836524632269157,13.989127191702352,0.054653137514277146,1.2983401537452792
-3.4291139646090985,16.102503094250284,13.74672817312202,0.08700622691554821,1.932042263425513
0.36972976688533543,22.022593158955033,13.717529776029492,0.10347837417635396,1.6654521126474577
-7.462898112019031,15.361558102489779,13.775969249381761,0.0029357819109321797,1.3227579283730446
2.9106439893892526,5.544776620851836,14.055651605463542,0.03465393979282698,1.8845968194331713
7.692597622322381,22.117546633366953,13.758719840760426,0.05307896487545331,1.899006659905031
0.20115899038246088,2.392244472381466,14.08090397661674,0.04796274124893282,1.669365555294692
25.28518109499847,5.307920983472302,13.906139353873257,0.04757540283142103,1.819557613846552
3.8109323272522735,8.756466896762166,13.915808129971822,0.10250432893507462,1.8848024040684765
8.156695853003379,22.019645212590316,13.898578065170511,0.05342828421227771,1.7299967449940183
5.992886391731077,25.298822077722928,13.850150726047467,0.06341205607427033,1.8860534015861115
8.154120663087948,1.9558057993377949,13.840610181388247,0.0627841318963934,1.9017617754520253
11.714648293611008,1.6819546681750484,13.907363278170164,0.07173315490824535,1.8731121515912261
7.952133953558096,15.722686670190177,13.521754832619118,0.09084981823296188,1.4939143099627952
15.565354401966655,8.509264864650513,13.848407751392502,0.028511444753489896,2.434387948179158
21.006918457998893,11.861805484824421,13.937429852018994,0.06289597226440802,1.587536716615888
1.3638438442590186,25.466549090226135,13.630923002073803,0.0794926819762488,1.4060013487999088
23.38756334067331,2.1045580094955127,14.038596481715517,0.049334304723308846,1.7608949629516397
-2.7704511461031385,15.82596715337864,13.459384222690597,0.05760926518462507,1.6936107961465177
-5.329976621954817,19.59759507619112,13.716610415190736,0.042328684240284235,1.2832177114306647
17.77205130949752,0.38748387504792753,10.184319061359716,0.08370623093274382,1.3403463848720296
-11.263413315717505,22.07699784029923,13.817820688377468,0.04017959152071143,1.8652217114710807
21.045882559589227,12.387937862782325,13.94857499028749,0.06914565129517118,1.9052836805189104
9.688196646444602,11.708570254633486,13.78467896177655,0.0520778443545687,1.9198025183386558
24.582461545956836,6.124703405159046,13.677489792827412,0.10343051386851602,1.5154208679337027
12.179688061318913,2.646623050377126,13.902741441728066,0.05311597620878112,1.5973578760261404
16.962001826769804,7.439690540957982,10.167362949572823,0.00310714483926684,2.45367779825739
0.27310743189346676,2.089595115553407,13.952847606779432,0.04580380517309559,1.4921129199119607
20.341856625409623,15.843883045125976,13.810793331305522,0.04406361157820833,1.6417349896549491
10.19402581128098,25.460159978582418,13.635632405931133,0.04291248131607245,1.9130558790890386
17.62115918238757,5.687458578464975,14.173086467274556,0.0018212943851414786,2.4531615070491632
3.9168432975048306,21.73565743564213,13.757104969494037,0.08268921468126939,1.7245785172764816
-5.451096678317357,25.43787827602591,13.90015964638747,0.0671768499559778,1.5858338774958676
23.396621034415706,3.104165623522688,13.721931728165705,0.056774151763167385,1.5581133035144485
-9.428043990577194,25.496808648455097,13.861091225972105,0.07637421983997668,1.8122672578254582
6.2351842205310986,25.633327873150517,13.829337777370208,0.051229896416533555,1.6691841650590629
7.769174019575293,8.675160371740809,13.962619836034222,0.10371668656487784,1.612704183105832
12.165268483479014,22.879681033981175,13.382617397460326,0.00261718365606294,1.7697733898315824
2.0260842809245,5.414247223621138,14.042772861780016,0.026895296903198074,1.853853076949661
-0.1299975116760419,23.810477204004656,10.115419891767974,0.11109785468202156,1.7776907031357627
17.444168770640307,13.782249035050635,10.253282671487165,0.07296027393570709,1.6484077449328498
21.092170643368163,6.029090473822384,13.819061765069511,0.06503772931003136,1.5524131624749247
3.688402147454297,14.91581657609936,13.725186260415015,0.11538303208421614,1.7284454483606009
-8.755399188080494,19.062257106754263,13.883428119380273,0.015176250221474185,1.7068894502556309
-9.508727146942244,25.752043258846413,13.73634361815108,0.05597704665451911,1.5736538234971373
0.2561117415941554,1.788093133695483,13.842673673462782,0.06258716860703427,1.9362051416791903
-1.8538422260882264,11.971928201774597,13.668390822890393,0.10851234657162079,1.7617849704502742
10.359022057080676,19.086333078608387,13.171652650710447,0.072723418515539,1.582994145203525
-5.576827325544148,18.533989412554767,13.787187019001943,0.04152428568918604,1.7343706878455376
-3.3598810098834875,9.001754643573035,14.226417704571949,0.047146112030554896,1.529517618811342
16.385024229699756,22.354204747648755,13.688874299516561,0.05376257964720552,1.6913132093829113
23.192106021399358,8.880834222716757,13.873320942593498,0.04144939553092766,1.9121950291471816
9.630181468098504,18.726163434260094,13.484681235227548,0.027438905763648772,1.6834298636364249
4.3696757558785535,2.776553451598573,14.007337101229313,0.04284265798212591,1.420723378730068
-9.718905866482709,25.108387422985004,13.71652730114924,0.0640938599269789,1.7264933061456027
17.5967953367566,13.338952148446893,10.649033694593427,0.08669825526741534,1.6517720628218027
-5.637503137268683,25.207195969905026,13.886706768087642,0.09820581534725394,1.5972346105223716
17.434265049011426,12.097809388559307,13.8801204519774,0.05728885707660729,1.813779869450657
-7.698854149160352,16.163719276657773,14.15683773027212,0.019527002446710993,1.4701853398737863
11.460981319266267,22.14234887425196,13.649141943532232,0.06960027732024653,1.9265978808162214
23.107565406831437,2.415469344507504,14.05871568512606,0.06519444794215004,1.4368211749009148
-1.5180999198918337,12.199859294175162,13.727189577548684,0.04347422715374263,1.5885610191090587
11.429613189294042,2.9195723298016136,13.640011589377366,0.08625422894441348,1.497930888448832
2.489836140467764,19.372478696652752,13.627728082766554,-0.012016732671149447,1.99611124377011
9.342184410738597,12.010969755222765,13.769819049697025,0.03686421408333222,1.7205738542350069
-3.6713244018811846,15.555462963782619,13.755264924174558,0.044292934501380936,1.8745819099969436
1.9433983953507525,20.662203072426202,10.12781144233943,0.05176989681771839,1.9226475183453755
19.668649790528974,14.85533474587628,13.932084812705202,0.04029136980952442,1.8629003525642363
6.568097237566937,6.149128430328212,11.090377198609644,0.05923769618508601,1.8056108030411968
0.3512952340825026,8.854054645253779,13.881371107360533,0.06840635371241578,1.9339006321205483
13.9153850636294,25.34311188646058,13.860183735206022,0.04327939858122867,1.8245327798874307
10.54147008176136,12.376518394117053,13.576137332483748,0.050453817742983735,1.6481683509043865
2.3459174471048487,18.651395377802103,13.801224314743218,0.031079428918787386,1.9326810602020457
21.550633063295628,6.848935790814919,10.278614361494899,0.05341445433343881,1.6657620475273849
5.866502495180236,18.972655109133907,13.81825570304896,0.07232047634785045,1.563256572152508
9.785891697881345,24.913841905291992,13.648859752396127,0.05410928684265559,1.5145539915430977
-13.088497087282676,25.47133997671106,13.65280599499301,0.03440901414995591,1.7952340647768468
4.1623562111133765,1.8989934116158214,13.799067370589334,0.05183191338883012,1.518624623410152
15.500050518164482,9.609973850759857,10.651995349840828,0.012549154719885807,2.4406672770532385
-9.644379034109262,25.647427922629888,14.090663722417338,0.05303664009173732,1.7736594929102383
20.300130813620786,9.253471556495064,13.635410817806626,0.02576100306084509,2.3666329251460705
13.789557311555637,25.754854114429662,13.810622317620085,0.043117026735465476,1.6501919079518081
16.309663427745697,22.68321028957378,13.352901502297001,0.03791179190004474,1.5085934228413438
5.618283567269733,25.031153323641096,13.679504989525494,0.0509859584541281,1.924714466927616
19.82337606121568,15.817457929269178,14.263286728187454,0.030003602602744116,1.7496975412048115
21.355241287523167,12.587176585569125,13.750449807147106,0.06955591131063224,1.636152516429045
14.222170343741935,13.302226159142194,13.064053313318876,-0.01002352279328345,1.9838483966056182
6.879813105859615,25.69214577442213,13.497426091225455,0.050668189392147525,1.686963621406919
9.82680190296707,25.9798361892538,13.967007358295271,0.036512945996199433,1.7284709934881923
7.675395157385058,2.6648191582750704,14.128083856068669,0.06389736594848185,1.9096102919019735
-9.599036899369834,26.382162298691966,13.853765979107568,0.03096213458600454,1.7790777455992468
7.881593854695669,1.856140137941138,13.750502297571298,0.06413448302752302,1.9101406636981477
-0.2359700430864411,22.167463890685198,13.527987476866192,0.07759304576239161,1.5312007833832406
25.419133811076016,4.88131299852123,13.919858314628888,0.0683840771753124,1.7154353591418963
6.065522686140869,5.308644063749018,13.466265633698928,0.0815472478826734,1.8647249069379197
4.024723919313429,9.529399331674306,14.036590936452255,0.06272288563665404,1.9357110280407008
-8.993857627220395,26.032598367416753,13.866014541491305,0.032941710875130134,1.779624966679173
1.91725913357416,24.97554646902215,13.729140224007947,0.06513578989627745,1.7396061899267385
11.323265746621882,2.106883529117509,13.748425787364619,0.060113332696722026,1.703591948998096
-5.737277148613726,25.46505090631843,13.986960949592676,0.0462310029970179,1.6815052814759874
1.982737955234286,12.56616914609008,13.639164459451843,0.05479871085304401,1.8744806985187497
3.8464459667021194,23.27619877611121,10.581753947399044,0.03081372199669407,1.73598775356465
-7.012072750475262,22.202609301324394,13.693591174363444,0.10057138269029542,1.6908200976025185
15.748304546078234,2.6654787817677352,14.016788479544848,0.010286468331461348,2.246006036181861
11.544207058001863,22.496287013162693,13.7574612565863,0.06078871206878357,1.5684281468097105
-0.052130275622357614,2.8534940984645343,13.784432314471578,0.06030774523905934,1.9373441354379444
26.88478762237421,2.014552361525866,13.859477085105539,0.03852883371149048,1.7999107120981144
15.510294099512896,1.8309435806287824,13.77654322694275,0.0003297017675465265,2.42887878851246
0.28710569189611324,22.632360819098686,13.951074713309492,0.08526453959730124,1.5690254307869451
10.560731843295907,12.267917722357398,13.473908644058636,0.055315492089105904,1.6123819118751719
-5.643672737989339,26.04179685411925,13.844451167895366,0.040020866359418185,1.8699363406702196
1.8859491835952522,5.76202979066769,13.962770012822844,0.020169348920580185,1.8450755007983415
13.733998390128614,19.29918706393951,13.647147032595672,0.03643884834933582,1.6656318745495113
9.544003168818168,25.75517624240708,13.760095840209857,0.05343769952110453,1.9117021772717924
0.1176034246039186,1.9351171075921898,13.92555559039094,0.05309262308085762,1.9086586020742926
7.541236484372231,22.387927055858935,13.651474982434674,0.08427693822845227,1.519343280752894
21.27992646171243,12.20047780766166,14.031205783828133,0.048623205368227576,1.665836306970982
-4.063989584726338,22.337284388239958,13.481923960007036,0.05211062657207653,1.930743947505961
1.2527228029022606,9.109275471790413,13.327608922089858,0.047547077550887065,1.9318742767271146
13.692310687751515,18.62132408755497,13.62064210699226,0.07025438627749353,1.7719296920559353
4.157997774848371,8.789758028882202,14.009411639922575,0.06306547311073354,1.9119816612827747
3.584307559842236,8.732764382785726,13.843201769254943,0.11214587921905188,1.7030821424223208
-6.161120009881248,25.350740897450557,13.71846788424467,0.06256274849512981,1.5335410805095613
4.61760728623232,22.32914606653514,13.547708266794139,-0.00653894887776624,1.8720337778744987
-3.7538376265856153,8.805725565501344,14.106241712241664,0.035575710303276324,1.531324964926752
7.517929117398783,2.520448205749143,13.951234074489165,0.06308771295715428,1.8698201537123151
4.351465149157765,15.628094344924326,13.297605998459598,0.04814947423912923,1.8882813465242125
3.829467621834772,8.818668942064209,13.837164899777026,0.11150327942969558,1.8802838876189776
-1.6932199351773487,25.971130141886068,13.819195736511777,0.052364083503977615,1.8261451299027094
0.5407670509010833,15.145454682334385,13.640182220112633,0.05379685765791104,1.8588723157777283
3.9609900701334038,21.739018102522895,13.648464282506085,0.07789175553546158,1.815273154097722
18.263571710043387,5.165287267234374,13.746069301224242,0.004988427046795123,2.4431054194528827
-5.6465975253390726,18.66240551652382,13.76503228615719,0.04756209693191816,1.7526448153603864
-3.8748169535319255,16.320340671143313,13.893084927829745,0.048697728344930094,1.6674674548332735
-6.530623418619914,15.140010656441708,13.485035026674785,0.05698912325399531,1.3790789118484144
7.893799252456894,2.982666077176429,13.935892770748861,0.08436582800015771,1.8086251018383175
22.151195090644013,12.751789835582365,13.503961363557867,0.08079866430438376,1.1902822245978093
-4.352213903132887,12.108426106772605,13.189660193419261,0.03285580649186396,1.9047293323329981
6.330439745959197,19.00399873287822,13.937650965706677,0.06415841906224252,1.7771840805510855
21.085844675077723,12.243060763065595,13.799714982554809,0.04731185651547875,1.4080469837208263
23.40076071945373,2.189132434775414,14.027341359763295,0.04393465738201865,1.7856647193896111
6.600920958411362,25.275420614229866,13.72261059764583,0.05802794904268194,1.6561558208939924
5.7924225886249925,25.599858722068575,13.767124930276843,0.028049285822519643,1.723364325322152
-5.228637466214376,25.28325400380458,13.826097926435072,0.06620132245889997,1.6137256758777527
9.934484430056214,5.7303860296840785,13.9511149178954,0.10604635632472062,1.6483078765824377
2.7025621090027894,12.500832216681687,13.67581030530131,0.05224165346800559,1.9169619215607487
-3.37802973746644,21.339797540653805,13.615246648402268,0.027169392961974733,1.9013978505874785
13.534003286309217,5.799202980830376,13.821850630264997,0.007427830736188513,2.4374548756337915
25.2647531677341,5.684276680999559,13.788107855981279,0.06468142983041054,1.8351266188743403
7.753834884375051,8.254776782604448,13.861751535012425,0.10395453517876213,1.843298566630895
-2.1736950635173766,19.13783755475954,13.654092480852276,0.09049144736077332,1.8912016594687784
-3.3348743801397376,15.299569682805028,13.853288104180832,0.024686018305749315,1.7255321255738072
14.025209017564011,26.09224327118571,13.665892322816811,0.06597440323947441,1.6890797374226687
11.535674265918486,23.16152339602964,13.394159017453575,0.06919444503308891,1.4698203765733333
17.578267030166625,7.207837859290893,10.20163777009037,0.0004038791635799213,2.453368654346728
19.0586132714072,9.255525240048478,13.818139204412388,0.005930891442256113,2.453268812780248
2.022925199689654,5.091454159979415,13.86207027154267,0.09802608027223653,1.7418297041621358
19.510024417603628,9.474182967493263,13.67229990339993,0.019330835918543968,2.3306689816209456
-9.063048327462983,24.753346704733044,13.630904278606113,0.06972960417542107,1.9330277438378416
23.90869081876214,8.146000950813876,13.716450947410474,0.06490459386459456,1.2636897615382787
16.976900353893985,5.425813670587654,13.81961845337502,0.00012661155571489706,2.451601048800455
10.384394860250424,25.576487933393434,13.666922931459444,0.05220058489681394,1.6572503162180934
-4.910155779118036,25.771852010778026,13.763533124484425,0.040745889686148416,1.7164137421845904
-5.481252336887736,12.134966373803223,13.805088867390042,0.0315178214347868,1.8246791698420557
1.036954286940815,8.406133012395722,13.92911756314353,0.10227695954036092,1.6344642285057507
-9.074174073595554,18.316890708780498,13.81035849180531,0.061007582530428456,1.335589055252746
5.54115602824713,13.65551096583272,10.137975273354234,0.06463047313402151,1.6099367238614173
-7.68237445094009,16.439457753494423,13.647538336753945,0.03561389423149452,1.8548010376646975
9.840422241876858,4.841726177024192,13.850657323290504,0.10325780886796786,1.7457929768095186
19.77935276692577,15.347697760781603,13.818337243521993,0.046368621964854154,1.8952982271215846
15.373602545747097,21.617122458167472,13.600739871248642,0.09445273307999884,1.8068796940605658
26.28842625303641,5.486830386863107,13.329207925066445,0.07640761749482808,1.6489093525078808
19.259007953368904,2.0705639219594936,13.841375938691728,0.05370980593044218,1.889345758182702
17.714650479324266,18.41293672366013,14.058883461615034,0.07233824107039012,1.590275779623198
-11.259095604871963,21.519789282518175,13.771846303041517,0.04478560474890453,1.8961717123538318
-8.127204721776899,15.68297637007278,13.722582535473398,0.08709390024364354,1.6291742990985814
17.575230180094756,18.883952569762204,13.792675325927851,0.0557269708269873,1.9040894895715739
7.719017887253259,10.634545792555487,10.068186385254716,0.0538857236123739,1.909421809292383
21.938867190905903,4.771286336218028,13.81743555295438,0.08086790132250761,1.679314177477374
0.013421480753214476,21.880167306583676,13.722716452151928,0.07199775080007986,1.8170144923745388
19.295251764839218,15.301257527216745,13.993800057417696,0.025424635691213213,1.7093451760806002
-9.548779642222106,18.617952213888522,13.952172667296953,0.04921382586347546,1.8667308307696326
7.771245739510819,10.494331294572088,10.075965176881418,0.042180368684184136,1.5741295318942465
2.1567464747653693,26.20748632801477,13.583613680190089,-0.013321911369500967,1.755083135655643
11.682485657802706,8.597451561984698,13.765413345631618,-0.0031656539343336296,2.449020578443848
-3.4647993313003704,15.780179064449365,13.784319408455453,0.0684852371190094,1.9089620689634574
10.986112630752844,3.467233527525662,13.080655780373439,0.030063090195272285,1.9597104200775368
4.0086667154257185,9.216178693343396,13.953003015582192,0.06551081854974107,1.936213619162785
13.613457724916042,25.064375315357115,13.763581370100859,0.04941523252498659,1.9284488909626378
-1.6392979586710668,25.68884409112357,13.890982837458031,0.06445951664252032,1.8745939767298676
-7.177519670791318,15.993483392498044,13.926231327869091,0.00636561156366032,1.6978600354319067
17.23465426958319,19.47161470533657,13.645679440706934,0.04754188138571641,1.555464138311461
-0.8532625872870574,18.848004800344217,13.41824643138129,0.057476689260613084,1.9275810113878369
0.48701296498773483,9.454345880428086,13.824103846786029,0.046499308497889094,1.700920296241753
-4.939067733763724,13.16733341798183,13.815769159582903,0.01009131664570784,1.7558269081585354
15.84999513200382,3.114978283635556,13.468311410586711,0.022699384173748994,2.3356902812530613
25.75357681099287,5.835668701090373,13.751211032295878,0.07877961608143726,1.3008930548940976
15.410793420726753,14.954176083667209,13.81708551860729,0.07996986895783671,1.7818433272021736
17.75032453017528,18.699129991054996,13.994747072752391,0.04351596201964554,1.8416676970123393
13.198368481651812,18.546174946598615,13.503903749416288,0.07561968841993102,1.5389716203950774
2.3375105311054307,25.400315112103392,13.690579165542655,0.05977498289082065,1.9050293454996752
4.320214169950064,15.46649782697135,13.411625426052465,0.03869263563932412,1.9314142329923607
19.293990113548944,16.214254301644498,14.016369178444672,0.03871183718847742,1.631801548604887
2.2060102954232548,25.31655869123473,13.66114628945792,0.07001467499352004,1.5065551903987335
5.930005255514822,5.160616396942814,13.32199420500169,0.059795169915139355,1.9085961932055553
4.5850946713151455,9.501349330316394,13.851371040034273,0.055950346790523964,1.902525001213149
12.021030527637555,15.925180151200932,13.97359157622274,0.058443080639873954,1.728775101007321
-1.1629141925196953,4.914886109192115,13.886921073215396,0.0757257986460779,1.5095231658341774
5.239127840376618,25.864803206140465,13.739369461941205,0.07379613624036983,1.3649473170292037
22.020451910880386,6.000372831634464,13.74262969945679,0.09599313117816101,1.5232277211743188
9.517812506454774,19.536960459694935,13.362712850651985,0.05594394972910989,1.7167211518998209
21.387471858828796,12.377726667375793,13.816223694997412,0.07930475099479245,1.69677841472742
9.855800350057503,20.72094684429669,9.845377133573875,0.036979752629577305,1.2520521637108244
-3.5305728956140996,16.4007514347535,13.578882747623553,0.06269432611648003,1.940707490438856
6.205426282600802,12.29279101953551,13.698829256749903,0.021521019188800776,1.8901612829558871
23.639724938058777,9.073780137747486,13.976110927562509,0.0480795715143742,1.6738006352912067
12.203350151721562,1.4196325132592147,13.630269748064286,0.06835560527906775,1.5753455001227317
11.7837422099735,14.858641889285991,13.677684523807695,0.09108838820055332,1.6850851856286786
13.59646956441872,18.75301893749937,13.569144746147078,0.07283015254761256,1.7147880350246059
21.549602186839735,4.804540387154273,13.870524127492535,0.07079183544034554,1.7137627028173292
13.721329780345105,25.159965608968207,13.84950327617094,0.06304799570205961,1.8962969305010797
17.454244052904016,20.00783614598656,10.311221710026116,0.05275217797325843,1.4989630447260125
4.049955262554941,8.557030080327346,13.757613812360175,0.09072828884160616,1.8948820256402081
7.594028801974057,8.687209660165115,14.082803801886984,0.04576976540832555,1.8388521520137358
2.5616749501438103,19.118494982438815,13.834661088449474,0.03654726443740927,1.9284535498209914
25.166860284876854,5.411169448348262,13.916227039170831,0.023813359831551757,1.7047443681541408
13.926118913580625,11.171021727834304,13.746950341721869,0.03821642207726031,1.6395268256055697
-3.203346672790092,16.114476682180964,13.7922330130895,0.05766397041359996,1.879963279782894
15.694256263096788,22.386329561311086,13.978743962910082,0.06656645166662499,1.672645263660276
-5.86759163189989,25.5778415724485,13.978645955400099,0.06312693956970146,1.7583170185649126
6.033159163966308,19.604451961011293,10.223894546198824,0.025943414635248737,1.7290477434077034
-9.154111346913357,25.135881660005428,13.99866082387808,0.027779245338442924,1.7730674717902226
-8.882514616451925,19.106301987050905,13.957234330520196,0.05561496098164955,1.319281007402478
17.576023175275196,20.798087720083686,10.070403272635518,0.06621466687764696,1.4381369175277954
-1.9624281693867405,5.249485608197428,13.756340585936385,0.056408630306040417,1.593620410037496
-7.5399420408150295,22.26392081260273,13.946169483740318,0.082678718628307,1.5200435161492414
-12.873395105488111,25.35860491848884,14.003381870592278,0.022830805659842527,1.5664063392357552
18.169070559322314,18.77040932843227,13.755493027195987,0.054246524844876104,1.6767244464319773
1.9917599426267167,20.302289344022032,10.201174030354522,0.017728564740805423,1.9461679248711548
-9.680630246570885,26.19902570680682,13.626983059654423,0.051308797942410875,1.9172436820351018
1.3432843189215329,18.838542258826468,13.557942141676877,0.04293030404427455,1.9009408163522206
18.014100364230462,11.979660877270959,13.714426276547181,0.06707313027528657,1.720210140300612
20.194101902333866,8.770242669857234,13.63045212826581,0.013505533278721952,2.2879535420586112
17.44539702377785,12.185705678066858,13.935908564420501,0.053923993657566296,1.684957357979531
19.81341120625639,15.483846509960173,13.706963270734585,0.06405566030437403,1.6055719841522933
4.09561127569153,15.243954193584983,13.597858091707584,0.10296396349102557,1.7682149569630308
4.018494401194673,2.308768697102577,14.08350152285885,0.04342173336308922,1.8065771261588215
16.153556173507948,15.800338186062616,13.820501754290966,0.05200314407266064,1.713109246041979
19.915032638896736,15.83264680615806,14.168460646086102,0.03134501778380808,1.748176130073567
0.32941275571348805,22.42406037568216,13.711598938903274,0.04608787401303243,1.9253324707461816
8.524385711920155,15.077211635886728,13.411091343843456,0.09171864301322949,1.4966518583341175
1.4866232251272404,18.41753394711862,13.472275319611079,0.0595973839424961,1.9089434995311576
-2.86501518563177,22.082982814718655,13.44848200496507,-0.008137390478135272,1.36941040353115
4.171798703797425,8.540018255061431,13.921204567196492,0.10561717196634587,1.8972526203957338
15.348863159072943,22.421091952990945,13.822750530952264,0.04482334261839502,1.9256456703683706
7.670728802370295,22.78031132464062,13.4367073955422,0.06255310111520816,1.558297613531753
14.067673269664304,13.081770425255124,13.506178003307463,0.08015565521130372,1.4149942463911935
-9.226946318285588,25.02815301356665,13.947371930041035,0.062101707839748506,1.2557074299787394
4.055304535775745,15.841059816053573,13.62049804281122,0.06013878127336335,1.8732873602267013
7.486303266143665,16.979822586753105,9.832235376455031,0.02581122364639292,1.6202491890142388
-9.219496313371222,19.128842589131263,13.85892333245698,0.05901305254146379,1.5675579503024422
0.8859972581435089,2.9836212180719506,13.814801895032915,0.04892619978007354,1.900310642552561
18.01627659443983,17.959123607232698,13.59678874100544,0.07250976461809194,1.6523070315347876
14.249169866880507,12.758903852364524,13.550295390268289,0.06638103237511722,1.5200478745787045
4.086927811548011,15.889964103459665,13.543202352833337,0.038706408621416916,1.8897372839817157
20.061727753640366,8.569568589096882,13.915553452887732,0.014708266311537294,2.314950782177169
-0.03953610302327415,21.616785594008427,13.617894659040296,0.08449268646995026,1.7814099198253777
21.90926791773533,13.273751861552723,10.918251980788664,-0.007436491371744768,1.9830822576945444
9.587988893077629,5.464375805298785,13.98867670486924,0.09360898021109229,1.656912370216964
4.287021673952575,21.603606359761923,13.572496539985787,0.06955122556220117,1.9266217345307148
23.237171272056944,10.688111959649646,10.150863809234766,0.0633263157653417,1.4548300320823748
-0.08545193049466437,21.69520914843444,13.714378956305936,0.08119690348554438,1.7934290782418216
5.98117545221862,18.905199604739995,13.469775248712441,0.07762066317830485,1.7958115757222295
13.594829265840508,20.856844327589343,9.937746836280706,0.05865436604486772,1.2920425059261649
-2.076899500178964,12.118794021490231,13.819130615983005,0.11077958053277698,1.6756358780252243
17.196883491295292,6.201431987118952,13.892110060581869,0.00818673035062004,2.4525564505764157
21.85831799961066,12.509402538262353,13.682761071443725,0.05368772646448112,1.3691083820464667
-3.935729789464579,9.240534275193225,13.846810516709098,0.05606024138538552,1.4424476449956374
3.9956334791748893,10.415300587530162,10.239516802813391,0.05080287317887991,1.933447310893825
19.21906291633501,8.834310510174978,14.106691241900421,0.003798630989150772,2.195622029941703
10.131103146946684,4.709917985329594,13.774098597353232,0.10076991675528561,1.7742802158020963
4.442975276636901,9.509561129877344,13.730351623355617,0.06139205435301187,1.9061324137958802
16.253434652787774,9.179940026704944,13.948601565733641,0.0011692777610514157,2.45358816901014
21.516167323442144,5.280625707902114,13.711340367162636,0.07315864980716036,1.9418983467249125
15.65306492559272,22.024250958844213,13.846988182935316,0.05108916768132475,1.8984873495975392
-0.19169534123982102,22.030441327219073,13.591669386820488,0.0952685517381899,1.7407414967987909
-3.098392858775172,9.263341889469794,13.642929831625993,0.029744714763019996,1.6214693784109648
17.61338889348174,12.563851582088857,13.768396412391006,0.09858500701948274,1.514047089409252
27.539673213351566,1.7714747495479626,13.70397862033278,0.06764332741154047,1.329356176783687
-9.428004450225979,20.798262506273584,10.184448515273134,0.0692753295649383,1.3522124129131972
-10.576224845230644,21.37289764094469,13.550669239412803,0.03666502688192217,1.5898946773217686
11.934347205599531,15.43585021178609,13.826509980094134,0.07301246251280787,1.6283090443748116
11.597038343209402,1.7996067218758716,13.842359818524276,0.0576525984153839,1.9247208925410235
17.494292875845897,11.873871473889704,13.75248340217052,0.06327503283153778,1.8966493717377828
17.432016571289733,19.36338265413209,13.971185476057746,0.03815988170769417,1.54096296046191
-10.751254392017405,22.4289447118204,14.136940750895453,0.026314815422804404,1.6835911059688797
4.393354086359502,8.51179485247425,13.672931160968897,0.12703551387335693,1.77294829566836
-3.788505551904664,15.609602363626202,14.001214509788245,0.0549230603823413,1.799796791338573
17.922559160984523,7.803014401319988,10.153604051293462,0.0014543178588586835,2.4537305790499877
19.139770604303212,1.9782699637744314,13.76149054434226,0.06335720838290021,1.6387151228002144
17.401950313959944,6.0465472544953025,13.903911615867223,0.005300665179029244,2.4532791259602313
1.0520911490797642,9.490021881594854,13.615452546321476,0.04406897424354679,1.9058640246896426
11.678046120906124,8.912231556956858,13.837129728361338,0.00032307634729303834,2.451286066579313
0.5533057432010278,8.573741305335524,13.736536618385877,0.11015771225636763,1.7757343648522437
4.291615891385309,1.8595636540393834,13.86444602014438,0.04249012691954807,1.4860899337637412
2.3461572529800616,-0.03649672080635602,10.475613089385554,0.03428657705702313,1.5947215136904926
16.359958322906667,15.64075122198258,13.49867698123101,0.08027929316372491,1.2982275432450638
2.0240675989792365,12.463571677295725,13.704886746091466,0.06749212497041167,1.8561854229456198
4.170718869001959,8.28266479141686,13.75501119343452,0.0887325973945173,1.899087021010772
15.38756119300637,15.238077931471155,13.726448795965972,0.0481286514175638,1.9289501649519383
10.375054115254319,12.435762357279424,13.943858879545775,0.04526249394145058,1.6546977963336804
5.677895674129871,12.7246567428656,13.673608973451062,0.018458626811024465,1.6621159717524514
5.816450481303814,20.114485238265573,10.174089863387573,0.06977990225889467,1.6234190032863864
25.77949516164461,5.705147212009457,13.68085207997485,0.08241466362311033,1.1525934311589823
-3.9706720490512857,9.198414081479596,13.91664002744261,0.07038964336877722,1.8474293818880652
3.7811601057145214,21.87548721581403,13.638075007617465,0.0731475987536386,1.816796871229211
11.427952213019541,8.926226721320253,13.985684164557785,-0.005051532750219699,2.254630780471405
7.56589848410385,2.0134537111460116,13.913081686041027,0.056479314074628965,1.9380905577001766
7.961325946906845,16.853437560704194,9.88155302433865,0.07963950439706924,1.7026033246032988
-1.272338479716679,25.358268247977218,13.61733679015503,0.04613926963767841,1.7681422126583717
17.591854782767616,14.361700023823781,10.145369694323337,0.0762473115743258,1.2986763869885827
-5.6694070041912035,25.40436308839486,13.887873421970134,-0.013325269306660042,1.4925221832790119
15.658204108921488,8.298850042643284,13.874085192849176,0.02782069300993387,2.423137140649305
11.999038184310704,9.715244276913397,13.768952817801502,-0.004429906027696171,2.452322888722015
9.231846636663617,12.722856577764912,13.770819301232299,0.05494740395654447,1.460918240348599
25.306491017626858,5.440991834536629,13.88895117462632,0.03726266721537073,1.8291414289646735
9.594251010192492,11.906700581826065,13.916095546282783,0.05485655514312958,1.928620103169004
6.410523140006263,12.438295498465124,13.52700267353478,-0.012230657898794194,1.9050311271868594
5.835378106805049,12.336857468386821,14.016861240672515,0.025694668530249123,1.776642433604383
0.2512795779156296,15.670409938610282,13.527704369251884,0.06338356709206369,1.8974735862171128
17.172172600493834,7.172294803219445,10.039613149306064,0.0010633103097173078,2.4536816604655103
22.220719323631414,12.300994994049411,13.909579529958082,0.05650070511936642,1.6719573122612807
11.55097356179274,8.997315192118226,13.822368961715496,-0.008590404042810685,2.436086661774945
9.880945741703536,19.397239415212805,13.617397784894422,0.04843553637643923,1.7567688917417068
20.87829713634027,5.6151160822610295,13.756809666436233,0.07459114873962434,1.668236065979386
23.987039540263968,2.4292178861728893,13.664812311032303,0.08941912999901153,1.2850048421239781
-4.821073994001795,25.621495428248167,13.851518250061199,0.06203384810513194,1.750669946185747
25.266727382846067,5.090117871061091,13.884004493744726,0.06835161412670097,1.9314062011879574
6.267236277651589,18.412480672572595,13.503455550330433,0.0959873033047378,1.630224134354843
11.88799756762503,7.870342288543179,13.707260427146299,0.01404630993582675,2.450038731600503
5.621007234643034,24.84797627526262,13.494641084128755,0.05503181990917148,1.9223189228968494
23.281152156895597,9.966197010303429,10.490338606227759,0.05384252927877493,1.4945796601095322
-5.276907745489181,18.917257086680465,14.044895563651073,0.026970555273085815,1.6629874903638835
7.752492048656128,8.365215379845047,13.831892432496321,0.10077037452967083,1.8644558596297753
-9.574417464400938,19.066585088044157,13.9734485903817,0.06485228296684069,1.5534842937410596
7.93198244350742,9.503132780493225,13.776145560221453,0.013800012173526447,1.9354516505376411
2.1938419225751407,12.365342394224827,13.625445262149672,0.041073429992413875,1.5841554282679544
15.507112442761649,17.575736663719283,10.085614228764904,0.06081220821961613,1.2880317246436048
23.11054286677989,8.735929347716935,13.937066148102664,0.04407661432243878,1.842830138827944
9.842958490142504,14.01425677753021,9.94880792807553,0.06573339803234257,1.5033872431720419
8.295920680692142,16.3968703685786,10.736842019017235,0.03260684792456413,1.9340992642515773
-5.724859947891365,12.516889271282496,13.877830889792039,0.028475142823898583,1.820097168259799
10.275938019221398,0.5032803540183148,10.37769259705318,0.03710117057976112,1.450048211498031
11.649054377303155,10.437878720258857,10.241132745779572,0.017013559036340182,2.30853162529089
4.604448955576452,21.855121609066465,13.843166149637744,0.06470810220166276,1.5134859301950117
4.067564690742091,10.048167516364044,10.414324029967377,0.05175296069998733,1.9335847301507785
-1.3708144605143349,6.636109520040175,10.776418143291563,0.032449325552397004,1.832789986589185
11.541107935751606,4.007298638358489,10.142701044384285,0.03964325074175794,1.9013245701230033
17.119793758507328,18.9709994604786,13.779059820957478,0.04633663414006604,1.741225313521965
2.5147785849094237,11.800248884978334,13.800630496235488,0.05182503020573406,1.918609881125831
19.62094788037914,2.1350320858582195,13.772421662113693,0.07328665013748804,1.9464699468759812
13.837735007057535,12.395056586491105,13.755963652485791,0.07810695716774663,1.4284589844819935
3.6889062295080235,15.203539972474747,13.547516651715814,0.06511757586778809,1.8336567028595172
3.9834298969878983,14.637691727946155,13.504563611377732,0.1150657308583031,1.7208473333835497
4.997121172155358,9.029025427612464,13.570004475313992,0.04835422166402385,1.9225580218655196
25.418685528211725,5.001929520150404,13.975230802226077,0.06069946797884028,1.857023851730438
13.728965506534031,0.3021679899983526,10.169759300796844,0.09735802031003515,1.4128409041369074
27.231588514784963,4.1566133746584635,10.09992832423356,0.06355307884951057,1.3500638981795974
-1.202183231211269,6.0312798654935555,13.842653919291742,-0.00030610588085843576,1.5816844134343895
2.4936733246209704,13.793201606219782,11.07524124636492,0.11604619703337155,1.7534168798710645
15.136490283837,16.229789738265445,13.93712299363639,0.04739620307465833,1.5154473853524664
-0.07421081310831035,8.560312667193292,13.735078767686137,0.11212898911858572,1.6708094452914997
2.2544408210463907,5.925070109539843,13.929580031433808,0.03601624122540441,1.5810027296303764
4.178341387149992,22.819628718922225,13.591776076781573,0.03925552191125624,1.8030705558390006
19.01374806932966,8.23252348975828,13.720752884829226,0.0013790214555820341,2.453440421479966
1.961712511456456,12.182422482238119,13.615071884953535,0.11026989372329608,1.6801840183607353
7.690135357077018,21.892946101037282,13.537564940864364,0.08634705701479002,1.6280889447738323
5.896009259827373,19.182159306192634,13.412655091507862,0.08400375710279971,1.5274978976866793
15.735411076742894,10.193401174776413,10.243832531443932,0.0008276328765135484,2.4532311775571545
10.398318102740605,6.043563519591277,13.543275802361089,0.014514516447850567,1.9566618130625477
-5.4594314143110285,26.10809749498848,13.737890235340865,0.048092341966979806,1.8560128501666548
-10.03141698493018,25.28134179588742,13.653528900250825,0.05935273699506787,1.5440869782036117
13.68879054462937,5.978705675822685,13.857933586322275,0.0017048195872957227,2.453510810142956
20.58718097296999,8.754355040765322,13.46477529070411,0.021005885277557222,2.3507134236773184
11.613292416259346,2.4335067762188904,14.008830586795472,0.056577500142458485,1.929503297761999
-5.593286651416014,25.713672317984795,13.970471091699096,0.05570655121700374,1.6206241709475169
1.9760638885351456,25.712862187249588,13.93871145048147,0.06290843430577564,1.8805584549367147
15.463327363203485,21.573397657976017,13.59967715563482,0.08755362477584411,1.803604539041165
3.8876439492631842,15.628402615471336,13.869260089290472,0.10129312276603453,1.4594559596780754
-9.410205999080606,25.369722157694223,13.94378665402265,0.04522030978237963,1.4156927528137233
16.22217926146619,15.94763166201151,13.51313415212113,0.03853245865537562,1.498058896119298
14.655964525548226,12.272626461115722,13.433949158477832,0.0656407054409105,1.7290018658863042
10.468629203167714,12.058314839466892,13.703268196243998,0.054654685341002665,1.6436127909922071
-2.9524246174323436,8.6109208642094,14.034831859906493,0.05278749350421489,1.4911003384303385
-12.562137617282263,25.697083113650766,13.556335848512441,0.021571185211545267,1.554816763844017
-5.640770680653912,19.29370489243809,14.03073217413773,0.0293182614484573,1.6304329421948185
-3.830642625975231,22.188336767075768,13.802887467438527,0.050233076021635945,1.9155061814789995
-2.0120874247170146,12.77495893769276,13.850424439854466,0.04387350778793963,1.5027328401025648
3.8086766631523012,22.229929920022258,13.631863743398208,0.04956405334293697,1.928070414849031
17.58691758136316,20.451547111728573,10.245150384695796,0.07436930024054103,1.3336486185514613
10.24995953946733,25.033309300243143,13.868561011555173,0.05338998858560258,1.6741976631188438
0.42931381178479455,21.473063032900757,13.455395693495753,0.0742452094664714,1.642797956269232
0.17653995212714846,2.1486147750424642,13.831698243975255,0.0630637290421505,1.9338666255758943
-8.664923306855206,25.98630592956428,13.788136218851875,-0.016859816184669224,2.006455297436493
5.662931882226608,18.690467317952905,13.570297829132954,0.07316347029943585,1.8223825831477138
-5.720995528878211,18.736754276997726,13.72572720931724,0.10201682408878338,1.8646877098926156
15.511372852421628,8.591400597537138,13.937000757481982,0.00027650902248938674,2.324070339277343
9.638424106299993,5.298931369902641,13.793288983554087,0.09555180164330751,1.8478224122500517
12.068989766613726,8.824576976443296,13.861367020644973,0.002071443446444321,2.4346484929960726
17.662329723447325,19.17980355370661,13.977021028249395,0.04473132003392961,1.8878506567138977
3.8821409749059086,8.776108837105117,14.047476801677334,0.08052237135307842,1.8366936708623411
-3.557786237225211,10.043318385101259,10.490781270997465,0.029504820439126948,1.333178876466893
21.081555767609387,12.051410466400595,13.943235023394712,0.06835091387036608,1.9066646569374304
3.983904935349903,23.693659230474818,10.20064132667804,0.02900392206940348,1.7495943607165945
23.707562790795134,9.205521869252614,13.72436532802702,0.05204321937662608,1.5151266645606374
-0.7124083258362861,5.546532796539821,13.637563369448145,0.035391171367622695,1.611477551287714
20.082254345614484,2.2694935331513664,13.614812848618737,0.06495070081172499,1.69604387655093
5.577961277437988,18.830423039573066,13.508245944503974,0.06913921725822315,1.5726464082845988
-6.822633767208034,15.492136194802047,13.823776814491227,0.05551512880421401,1.515547962316738
0.5248321011750725,15.240453718244067,13.637143986101679,0.05617232474073113,1.8654489278693251
22.410128576838822,12.627187589466597,13.215063077413435,-0.004574829096933489,1.9911977327756274
13.856714406461162,25.988017798701822,14.059635863065019,0.04507358145436926,1.6483406430774141
16.186377915797845,2.548864210838757,13.842433997798295,0.012885634491057656,2.2699500609838656
7.479935400006567,21.94529119242836,13.484638111873686,0.07615623609280164,1.5395645878686417
6.787343028671388,12.589453684650769,13.59719785172934,-0.02220925003872173,2.0241832990929494
-9.444408054897977,18.810253109089626,14.098484582411091,0.05466862283849306,1.6563659294591622
17.77022096814091,19.055630770570204,14.09838531533592,0.045066696212992995,1.7049236555656906
0.7114240257054707,2.298721395119759,14.101214724362531,0.06294007960149337,1.8027468278465717
-11.04927940866347,22.21209374014105,13.745821556451181,0.056469734470934584,1.902213082758803
2.648062781086366,5.804137255926709,14.13249494915274,0.01964098655032986,1.7101694034193708
14.029350305635996,12.326349361035362,14.030808002332188,0.062254088205243266,1.7472549266915096
8.406726674753152,7.830577498040778,13.702274432022044,0.05626449688130754,1.7708495514025038
6.497189978547315,24.55257364029413,13.01233010658009,0.0337215661988438,1.7571225059238087
5.6028200624515865,24.792119904501085,13.558311698076583,0.09233828415693068,1.8012022165197585
19.53859643295532,15.2742863830101,13.832243010339871,0.05329910198804363,1.4652184294532438
-1.5219733793923376,6.544574863645598,10.877273464836993,-0.0026161536510579293,1.8777571682638987
0.785975683767583,21.986978066769925,13.327101722481508,0.07113711518170797,1.6370299744311536
-3.0181626111091227,8.778847575975192,13.590164771240605,0.04788866014315913,1.499656913691236
-7.090029415898708,15.255995988213753,14.13166176352155,0.06330460914214052,1.4883300619389197
10.583710834291326,25.592871911237285,13.522190749796648,0.05700302429052182,1.6465521086950483
17.677268241917588,6.536094190344407,10.378746837904268,-0.00041459962306644206,2.4533649366610666
15.575303713326981,3.603047737949828,10.1812111263633,0.01529716005670053,2.365220152882191
17.93192395817241,18.573899246210953,14.044280358978055,0.047418844157079455,1.7073229852198146
19.323509725381527,3.0634609665651116,13.921927634964224,0.07894422439567961,1.6195412794340318
13.753354376652833,26.426248888665793,13.693609019459442,0.06623931684156288,1.3329431786086274
19.421998903706054,3.955747149323549,10.091664172184666,0.03725884425390191,1.4390265015435368
5.776435065394092,18.313122319564773,13.534401084546905,0.08863485584170534,1.8825207436073974
4.28981833795153,1.78804287065392,13.894421269438569,0.04637183788067804,1.5997143290811788
21.604374206178957,6.30482844895712,13.60148290578431,0.08925317145294479,1.3776791276382871
-5.533233198039058,19.201418429191047,13.702051522379024,0.02997973772571213,1.7854838086016298
3.97639723142888,8.433205818458365,13.800554015973663,0.10238617894580028,1.893088838792867
9.624216142145613,11.910006078849893,13.70602099507421,0.06132947520980997,1.848417080141997
10.459808974838198,5.790789405241727,13.961853366526766,0.09398337609040826,1.7301069973862204
0.11256089160825278,8.716767415892352,13.919863291413993,0.09835918427533442,1.690582521406456
7.801381709331725,8.772770006210411,13.918473786240076,0.01555287911429892,1.587868184887221
-13.70240157029608,26.54901548750647,13.489094404384666,0.058779386573516765,1.714055434751816
16.974588834020246,19.5568790479636,13.714279561265473,0.0605484172623677,1.368746128009093
-1.9018890840341955,19.25624223425095,13.545453365013062,0.09518613904696548,1.8760461876414938
17.4014266452718,-0.18893929709510326,10.46360341457754,0.05084696573126494,1.5200015158190763
15.5361318111166,15.49488151469336,14.016543676543899,0.02151936653680405,1.5407557384588841
2.3731890603168346,5.345953725893087,14.114393492334749,0.012151878322413587,1.7726777615185694
-9.36588433535331,25.525914814187352,13.73290870959167,0.04784588672786517,1.5585583675355423
16.217436582415246,2.9476008901948165,13.695782743927946,0.024564544487959535,2.3402123254544813
6.884343604425653,25.828228080393274,13.46530479381139,0.06519947837900797,1.3786823185228554
-2.3393437329895135,12.484496959571029,13.752886649642196,0.06797185010555098,1.3676683360502935
21.46543835432413,11.860150440172296,13.913767091030762,0.0636270128630967,1.8383735053644705
-3.7151045190760525,23.48571410260696,10.400321534969356,0.03351906509276938,1.798216000633973
11.704889882429258,9.10702779169181,14.097777602340201,-0.0027781274493173126,2.4148280663261126
3.8504798554700583,17.136509753045214,10.108934933885285,0.06387204277991392,1.9387846052971924
-3.7504275887236176,8.836484172843818,13.934168178935217,0.052223056612176945,1.788327326640705
12.545516213641212,2.3506252678102184,13.576473691344024,0.07861215205040951,1.6351960044334672
-0.7965709919444779,5.7758144313796755,13.622314625926041,0.016138614501974416,1.7197556079641232
23.41485250090221,8.407945175767654,13.832817708580416,0.06550346725491496,1.9050825535910596
-13.370979704163812,25.77048085081465,13.798683857881713,0.028493088675097613,1.522940544182248
15.887635716480286,9.465971761915155,13.656559466373052,0.0009738496592908511,2.4534379084659226
11.776700963432571,8.890643178181774,13.868028769575258,-0.007614154493680639,2.4404418575417095
11.88395687288272,8.326198224299342,13.741402420302789,0.0004129485802535076,2.450861701161991
21.832195039405274,5.996285009320284,13.884168850480709,0.07867506367937696,1.6715439224922293
17.626520360680253,18.49745807432076,13.772157250026304,0.05423736658216927,1.913385846636901
11.491899025828339,16.61836809265982,10.172448234081669,0.07570082288580712,1.6396597672296749
23.20495828272628,2.21954738543518,13.898061128456206,0.04636379382753786,1.7773002460516376
-5.473526186387341,13.502527458193802,10.480106800156978,0.0416085619727981,1.3530740743729284
3.965249706513629,2.4750321267213247,14.129535599416885,0.03836682472950359,1.7334722547717973
-5.6823446777410975,25.578294844191948,13.957791282687246,0.052806046254038806,1.47321737513766
-3.419303229647824,15.460503911997721,13.7382761344391,0.051056438673504886,1.8855266081640498
-13.301318811092006,25.708104905269767,13.808127671421552,0.05312854936052563,1.524989944508356
10.3473172527484,25.538529777898255,13.652740242077241,0.05176552209013058,1.6821880508426335
-1.5936230707317867,7.125743928737045,10.291865101511288,0.049379016744530116,1.6229334259672197
3.9889623946667303,14.952945566297554,13.600722032111403,0.114525463176256,1.7113131535142339
9.628791903075086,5.129446941800405,13.920036726587396,0.10135983519320342,1.8089092660228037
-5.535192621569129,18.278862190523295,13.782705802759844,0.047477764486660086,1.8022806999530205
-1.860448004890354,5.41325527503268,13.738340613108495,0.0413880042726978,1.7521595792432358
-3.8549962834366305,8.267314243599913,13.767668238499589,0.06565030000389149,1.7655950510727763
23.981892383710395,2.2060093972275063,14.077262730285602,0.053029402296363354,1.6750137176897382
5.938405185104889,25.28316579226702,13.789394195406166,0.06607195454838602,1.9006892865522063
10.151181735861835,18.161177422912456,13.334990699577821,0.07895251161992581,1.6559144822848315
-13.232292055661175,26.130491759175417,14.02292768354452,0.057052298342830925,1.649605993122306
15.616023948237817,16.58549644989835,13.769443661806974,0.06412800944219067,1.5743545506010557
0.4441504450702414,15.62911858212432,13.834604120216301,0.07939395979993197,1.859520804074197
16.06544132103122,9.093939388368327,14.16320452405025,0.0007626099775219785,2.4532729490616134
4.070098420960846,8.637534988191412,13.854105048490212,0.07234061456152392,1.8299000446399634
15.64557198154964,16.70162896782802,10.556864604964991,0.0635151700324968,1.4714414646601683
17.414111614561413,12.637386667430633,14.11818348613785,0.057452168968351015,1.734422573271194
7.877261816158879,22.559640450876515,13.539050152819543,0.07951307041798904,1.74374291280259
24.17286123506846,8.607051046723585,13.467930858075455,0.07547678555272976,1.6327859598646524
5.997877052989219,18.76202941542618,13.685143086624173,0.07240439890130469,1.8906620731028956
13.43903089148853,6.1295879893779075,13.730892831181707,0.020236727183022767,2.44454781616333
-6.84275276208162,14.887151418218952,13.637479298472318,0.05470408406628511,1.414624195378275
14.08547727896403,25.93571788052349,13.858512840652903,0.04183699344010537,1.6826346658254967
4.371855119809284,1.9817111473121518,13.826119139126583,0.039505202622495794,1.525823148370306
-9.608225214335768,25.513814225256027,13.937154255757028,0.049394523827708356,1.826745715803301
3.6871224862605696,21.440290256793634,13.548749627586707,0.15380591075779892,1.4389620513733323
15.385661551624754,15.355693061298608,13.928234991584684,0.03766356565782071,1.8718195380152376
6.032092456955557,18.56193996623713,13.413591900755339,0.0631725910488232,1.4987469129989097
-13.420124312639867,24.852502901105325,13.6173732513077,0.09176243615935249,1.7905340060119286
-6.784546905565085,22.68424136728987,13.427686849210973,0.08006265387783863,1.337424095461372
-1.6745219577887447,5.794671728133744,13.901866372185111,0.05584411020067358,1.334962395104526
21.307290167613733,11.984715051733275,13.823591448339553,0.07000801851528823,1.9098121817880958
7.688012673343453,22.211658306928403,13.734354655620992,0.05404559126620931,1.903362440052618
11.047143896966706,8.984355646537399,13.766580993266592,0.0025339278383799957,2.2960957494662986
3.9957673332878523,22.233785287276625,13.693316848027836,0.05003637028650408,1.8782401178713797
2.088762193855189,18.377496827289825,13.706978934364558,0.04338396532541274,1.9312881592893925
21.488075735839622,6.121766000795065,13.84578795251336,0.08672700532552972,1.5097797277187084
2.7521945103848684,25.05396326128092,13.472063052265954,0.05912796338575175,1.4883514473013224
-1.0259881102407964,5.448239708925843,13.686122522248262,0.08124011013206969,1.4938632667802056
-2.2664879941417153,20.467833399497184,10.761547544392279,0.055199917890507,1.6733286817884716
23.24793317805648,8.183541122648215,13.875764832676875,0.02713138252656384,1.7019156963609512
15.970259203376001,8.40262263697094,13.725354771916905,-0.0017346829441380355,2.45279704555387
0.6017532126090113,15.048912717809655,13.594368949435783,-0.03645747679493797,1.4410487746709837
-1.7898937209884613,18.618020271854345,13.54981004116796,0.10133116288258275,1.7021228915524018
25.224551744558404,5.040304979899734,13.839271221573757,0.041286166080657764,1.9086180496983343
9.577030449484953,12.108358254177393,13.884032571880507,0.05445000245789494,1.9273567553245812
14.880958526189259,2.616298211872895,13.673779602465848,0.011475098768477302,2.2511352530696245
21.5654995630571,5.607076455710335,13.898361140923626,0.06932120657276414,1.9366811438881881
9.675808624862205,12.73250664108157,10.609766472445669,-0.050436906392378585,2.1329661518014884
8.048915048812567,16.52974918892343,10.337684702145475,0.04361233658035133,1.7030110847261195
-1.6548329705327858,5.174973624694524,13.99277419736709,0.046316441620874255,1.8538846505457522
15.702114603176739,22.420413411564898,13.938815874323984,0.04481130480328276,1.8154617958718835
11.978097151946988,22.4412970422253,13.646477989763534,0.058977661883279284,1.4743873794403881
17.591482495793418,7.061224423737979,10.138141267023801,0.0005572485602866968,2.4533668090497773
-5.731127436823085,11.929031541777492,13.908332192219179,0.06579022126841896,1.859720043232592
13.118935169916849,12.00279954109871,13.824389514617897,0.07173620366231137,1.725477807908438
10.061099333607375,5.006428760255095,13.95672134199862,0.10400813257516356,1.8324728008931053
6.597439028575713,5.304593590415712,13.468925517829204,0.03603954198663608,1.8769254961556863
17.013841012243585,5.931518158545513,13.670165817851458,0.0003529782337205905,2.453377456076876
0.22141220212443247,8.649733733749674,13.830351120066307,0.06130261553505773,1.9379842203661122
17.87232719532607,18.708528708796464,13.901297577153597,0.06287236375352845,1.6719379519208333
5.566550637197334,6.5716938032871965,13.018989667695843,0.073847954327031,1.9242826703423113
16.262614598567605,22.999116161972843,13.22569379129051,0.0209752719222214,1.756008360271148
23.570837890689123,2.408875778666045,13.99266557965721,0.06304694186258691,1.6361880566205595
17.523596904063563,18.976014532510433,13.745078455971099,0.060555495394004594,1.8819063920349555
0.24698537932242348,9.169423869571219,13.92523270292763,0.09251330619292662,1.5104877690070868
2.0141850799055288,19.176344360434943,13.614988372756303,0.02711864147796138,1.9246141719032868
5.8804839095582295,4.984990123326064,13.417858827178868,0.04159497791142549,1.8425581816893462
-7.572313482345441,22.300966173700665,14.078904691375559,0.09573877126088108,1.3649199258025908
2.6590200474103893,26.34745116060771,13.487326616771156,-0.0023809464355310887,1.717074127222015
19.508511401362775,9.225204727755196,13.935728025296315,0.00993092909234183,2.309178076195261
13.545141070116163,20.362247138702813,10.155058188698748,0.06875261812952226,1.6591685079729255
-5.530630042635918,18.650634019546274,13.867499210481778,0.032178942805723684,1.669103741918156
17.384629904249227,18.9865818034294,13.784523082345483,0.028698119260542516,1.7826990124794664
11.852361671912487,2.5839850992166675,13.738602380335989,0.07789229853551213,1.557257205164615
1.8397355543389935,11.974800849640951,13.661592185579357,0.10448276627133721,1.680293761279437
10.262644649369706,11.742094253896306,13.814990608005749,0.05416495225935316,1.720426956455062
1.7485108215481542,18.44543112629404,13.552802510199902,0.03649544062290508,1.9319075809821795
13.720012630399943,18.728666323233046,13.779972487341482,0.061260741036894904,1.8070486188874852
11.98524919579184,15.913973046846285,13.445555916000597,0.0734827860119818,1.3802299523220674
-6.838716121179739,22.85203823545849,13.508043573046828,0.08111741546006937,1.1106899075806513
6.614531913584187,25.568056546560964,14.067759979025784,0.0512030505616628,1.6761330844604236
17.286810790824276,12.77148046078156,13.813730075713304,0.06275383511420361,1.6998171225345424
11.630412405372985,22.39282280898759,13.686446621132818,0.0582652017109325,1.610311506128112
16.37199675573203,8.71540534640402,13.583451518326738,0.00011773808571023301,2.4533785292743335
12.520255383350298,15.804291659790714,13.363298487549281,0.03265791755070275,1.5316068006593317
0.47716974500877285,16.28388883351333,13.824891942480805,0.12618940284015323,1.8135229816070217
7.38231113723909,15.527557155378114,13.48316670395381,0.0730135157642005,1.5835947382458524
9.730898875345604,18.87321681129655,13.629518124825003,0.05644559613667335,1.6085623638653341
1.8853457160834646,18.633328430554332,13.850302645536116,0.09061069392483981,1.8582752489862133
21.152757009012277,5.462239180379824,13.746191213922696,0.05227251664480594,1.9406296242890217
13.526693626893724,5.377361181381292,13.836594139884086,-0.002149596363626718,2.444145209725497
0.8113767242365795,15.291202734402603,13.533093311441995,0.09106959316174347,1.863601473906887
-7.592539185735,15.411003370325895,14.075027220747733,0.05237997754383724,1.8122149327874157
-11.528005180792157,22.149277503580105,13.809505817210736,0.05185043129491033,1.9038546465464394
-1.8948984727443352,20.282710230836337,10.806300277838341,0.049095245767145114,1.6674574477739181
15.922586317210001,10.20397593823248,10.445964995134691,0.0002715739189229022,2.4532678736961833
20.991530868176557,5.186753954161744,13.785644557872775,0.0897237612053672,1.717335496939987
-1.539609261692352,25.37083669759996,13.761024288211823,0.04989961785464049,1.764042844420452
17.27500218450657,11.869882756020079,13.816892258848636,0.06946980659421716,1.9025311001838339
12.00985099380044,23.262049452105533,10.513524514948466,0.05902249005031298,1.3747645824090144
2.727842896096891,12.412950251477069,13.480705465514763,0.04320055115871714,1.6776171428532154
-1.9779805854995467,11.98753985360848,13.695358406691083,0.08815168246236227,1.9205581389973583
3.7806748772737677,22.33303816407121,13.660074504790568,0.05448006261136942,1.8525309402386805
13.963385668919974,18.647165923058186,13.703814449975871,0.06723337209506197,1.2903880171984683
17.956697234358497,5.436891289636999,13.820109227013896,0.02461297305687308,2.2206858789253414
7.8415709776276,2.76766966413102,13.808157142525298,0.10097033855727768,1.9084814673217525
-3.484022656575431,9.427510893752142,13.768102632655879,0.03729128921905141,1.3011524960119591
21.905583976658303,5.401934476603488,13.752900777372806,0.06590130841613803,1.371689669742953
3.5774532987898113,15.074254587897364,13.559552680217763,0.11240330677787545,1.8243123864986441
3.003067510391139,16.04172187426464,13.33692317711323,0.06968123183362339,1.639648703726228
-9.915134881584246,25.706486520375154,13.791492196987381,0.056336596673177516,1.562942632845729
6.295710364922697,12.786964882539362,14.062417657993374,0.027718881860387967,1.8972450640947294
5.995947090262392,18.644365463058065,13.766525942658694,0.06367957428295734,1.905187764239599
-10.937012215543069,21.621122260500613,13.81952597834097,0.041981107752236214,1.6632958579032464
14.112325322696508,12.941086338217861,14.036377415295778,0.08032100568258545,1.70488744290993
2.721538593524595,25.980070998242734,13.692504872288326,0.005839006156107876,1.7340449890975325
4.380303379241311,2.347067175260191,14.209467844490511,0.036900491786781564,1.6894607143227525
-5.510142199093185,18.620715562384042,13.690913566170872,0.006455744830658704,1.8886300700796843
13.117152756655036,11.988903066038727,13.848691794632499,0.0640466779694935,1.677244328663659
-1.585629699633139,5.757349112859446,14.025463273810498,0.03815070177791252,1.770286704968589
19.56114687217003,10.483691415123202,10.200198910842893,0.013493732358224476,2.224259749052199
9.89149821227226,18.825523713474986,13.411498201791487,0.07371851320054923,1.43573781912203
11.595922553961353,8.738813308277463,13.824269447746493,-0.010542390822259745,2.4189870676159697
22.65254841374585,2.7220689804875238,13.673027826801457,0.09946351630222595,1.4929371191698297
21.27405621485498,13.856300016849627,10.25868027229353,0.049930337098845444,1.4637255328851395
13.586376069335163,19.037303296235113,13.698400556827533,0.03819285359258001,1.536783772798439
15.086257875451409,9.602892361492973,13.692527871327089,0.0008807539050921599,2.45320968965466
16.040880166559432,9.35831381839684,13.766052734473451,0.0007954364412347697,2.453399172385761
3.793949317458557,16.095362452201268,13.584471259284761,0.08303265814263544,1.8985606961968786
-9.379631162078358,25.12884794052551,13.958109682742194,0.054750135733889635,1.9062264009744627
11.896226649560054,2.2286282320329045,14.053739112880526,0.06334247561738976,1.7655460417124114
3.928582290542443,2.5058051938875856,13.766804092474127,0.07294579834495912,1.7187480744983026
5.756834631090549,5.23189607121193,13.421779831372668,0.07275065016471412,1.8842728948751297
-6.017594131348086,25.31967959668451,13.74294923824971,0.062212102817233585,1.6011607235707506
14.357503151654765,6.2655430369118825,13.249173400718801,0.001667483608988708,2.453737759010377
-2.8138737865104897,15.512367463937752,13.528030516092853,0.036605466133153054,1.709557392108839
-8.985578862408795,25.20809802955717,13.823703341991289,0.016260779901918147,1.4947020180818908
20.167261255025686,2.6147472349462673,13.660077482631324,0.08943751338177734,1.5006618024947769
4.040494948578864,14.97724805742946,13.530831615022597,0.007299610330680415,1.893121053160515
13.688392460521083,6.970969917089931,10.279573476116184,0.00040264376357656423,2.45322768679189
-5.402822927787479,20.397370984264796,10.22515510111272,0.02518913961811049,1.6823674628927114
15.451680547845779,10.504668489561768,10.176465570931047,0.000434854448885226,2.4532200980540373
-1.8679102531449086,5.2682607303919164,13.835812520827547,0.037093963125642886,1.7860332495626836
15.57546684851304,2.07035629275546,14.026077892500632,-0.0014683139817251744,2.3141225631580595
13.339221764030091,11.92854594332541,14.011913066936692,0.019579266592099853,1.773471975868774
-2.1471721338584135,26.318251940686597,13.53844942427632,0.06852969756048428,1.5681078308544432
-4.922018766160659,18.6393289225833,13.87413557276974,0.03745633330062038,1.5239987534647272
7.600995104506268,8.708985122858342,14.037633997983853,0.03765153546937177,1.8320733615606377
15.707527076690498,22.27426686044924,13.867366083696062,0.03616518867353208,1.8058678290425074
-7.833891791810212,16.400913351498094,13.705202052437262,0.06941141364381041,1.5487509482080695
2.124789611890118,12.931903386648392,13.592960957683895,0.05607473344237522,1.6557972904731275
25.284760559658356,6.224839777605663,14.055592764141398,0.06759362053230508,1.6287122303418458
1.7019561710531648,14.059270757182155,10.765036239669683,-0.022510442410154676,1.3568669010303873
9.850041077623509,25.127512454774788,13.646697949493268,0.07061191999014634,1.9212728717461127
5.881842170159265,18.255416041484434,13.495352960462531,0.0902037331871129,1.8778909246480548
23.643619952923775,2.3871040987285426,13.774173172314569,0.08871126978891664,1.2982518038682982
6.483125299459329,25.03740322354548,13.663963956093998,0.06571676889240433,1.3996668286171619
6.147535708229636,18.897405649915367,13.662642544667014,0.07453569984665492,1.5415434785739377
1.7664642445275398,18.712086135309818,13.620524750320245,0.06030460832543335,1.9413860055725485
0.2725646785280038,3.5504754365786635,13.250399857084563,0.027590433037749308,1.9368458153752837
13.67652236880945,5.292318836192924,13.969661336013045,0.0007865108560803141,2.393924339182984
0.8209673816981766,15.997831536013393,13.831127300134774,0.09390371505912973,1.8765934121287575
16.113082169609697,8.62358424692371,13.737441166337787,0.0008304207177183063,2.453408874109871
13.437284810623566,19.939716550410918,10.436040674690924,-0.00403077682411537,1.999509213310405
-9.990249814832,19.784053046372286,13.675922646865851,0.048272782866715214,1.550649611830293
4.745524988202784,22.435938577634534,13.644810596017713,0.06421198845133094,1.3635688980768987
2.0768370389863735,12.5809035757287,13.922072677221395,0.04466857541970002,1.5877360160891443
-1.3393444337935905,25.186936212913633,13.858551635391288,0.08455365665568311,1.77450707703685
-3.42149356686077,9.209415018659687,13.702573344823788,0.03366443069225403,1.6083814013573214
-6.055364022483263,13.427857836767586,13.514084286748632,0.11587718370541814,1.6250018078631645
7.547854349822481,22.08399047484904,13.741934863516915,0.0579002259921039,1.9297114402175888
9.875634344181337,6.016737955126782,13.870348261041782,0.07455846883648973,1.9466987051769142
-13.50107977126559,25.292501326535053,13.819444319960615,0.06171370981559801,1.6529239901287474
13.25266697489668,12.12041159352695,13.974019830271933,0.061457232369031674,1.465331023402098
-1.4202760716886755,5.449921405633034,13.934863293509192,0.061601903298942016,1.4918514121826862
2.0086897857891985,5.725230350158428,13.813255997889565,0.08345585172940957,1.7722085250337
17.939526704098977,11.493721794636036,13.781593627343954,0.06439232290857497,1.73372143968042
5.555019196088563,5.601914513836852,13.424517003735367,0.03008901211663737,1.779712786793492
0.18570565255356275,3.4169717492103175,10.490107106394298,0.06371022325159478,1.8286716235877307
5.368742523738591,11.49805102749282,13.537796720390938,0.09222738637099184,1.8843841954569323
13.223878523673369,11.923409416152776,13.928876546794356,0.06522747988471231,1.5390930368295617
23.69575774448843,1.602454915696954,13.661355796811065,0.0293856848276672,1.2388919824474531
-7.491036664057646,15.481000761561782,14.073624627484836,0.05557942242132924,1.3688581017204564
15.264670160920133,23.363902823631687,13.411011742810354,0.06999917379114244,1.5589714827479015
10.423368462305401,12.392114606449079,13.857823400756313,0.0426533144323585,1.68886790273204
5.601881535207104,20.700884898946235,9.921110825864078,0.05824696005546184,1.6891045277350254
21.927021113569047,6.018703582797627,13.51901053257067,0.09672666461148126,1.2829871614212838
8.693588072459988,15.382849372861909,13.725947066957245,0.09376975924200517,1.5283739411102621
-3.0660090584954527,14.82948243772589,13.797107153029472,0.06250044846942776,1.796078580753564
16.263461281973555,21.673133340719804,13.789695128973461,0.05938215687637388,1.5900688961886316
3.658916814344763,14.969345737775107,13.477768976207487,0.0018600165094163628,1.8469462443573046
19.22904673260597,8.859449183162559,14.071969077795686,-0.0017707859878087068,2.3552763445650853
21.24773704998109,5.223687820347604,13.708787955457819,0.032353091506071234,1.9307063671598894
13.722178803285987,25.31860345701874,13.83134767994511,0.061588398628377894,1.8270508239014118
-3.544308713010018,16.153260565035577,13.75002553458943,0.09521522357561561,1.9252739838933048
0.4797369596791521,2.5452905184043826,14.23101129195971,0.061507415041792926,1.7793301616215298
19.742638556144488,1.6260716882634054,13.664525924604936,0.04808273465001244,1.9203885351686796
-6.830473795816518,22.518616780747642,13.995270460696123,0.08462211623196383,1.4795458257504601
-2.8942314304502528,15.433421622213991,14.056859885478223,0.1052932815789907,1.7903934595288296
10.18091204688002,24.967418740747387,13.619354987200733,0.040485424027615576,1.9232262898367884
8.087393175807017,22.10516254532337,13.730566451518351,0.08754642197123386,1.3189103412069207
15.859362717673859,1.872071650592958,13.999519700846268,0.01564751633947893,2.2548018743692424
-9.330147324105061,25.323032706478998,14.041201230760429,0.06650453624528407,1.4152585103394033
5.754677660592521,13.569635139463383,10.182850818621457,0.0015046289834671307,1.8640631742279878
9.69997718291761,5.513552722152154,14.103345998012804,0.09655844019293221,1.6039991938458504
5.496428699728803,18.903808094603765,13.55941608100628,0.06754649885302613,1.5999864621009778
15.402848252156904,15.666616855702669,14.00445396504993,0.05203191721291748,1.824000752615245
-6.890287120754695,22.8815337827954,13.447155156967154,0.0549660455064579,1.468308561429563
-3.87521586292414,21.976664108439227,13.66546218375522,0.010917427406767828,1.5140201440351373
9.761876459967873,13.854270355621804,10.032985726969699,0.055213130873359925,1.252181591927115
9.424530326394434,19.62990314617906,13.189918351183962,0.04803482332622906,1.758602769417089
11.9709538220603,2.3451506628007888,13.762602537079015,0.07985323386280435,1.7161660581875737
3.5247104186825036,14.959739018957194,13.570846951457906,0.11166946497581519,1.8332586297284093
0.9407127541384035,9.32944250180674,13.49327666923567,0.06279852783445343,1.9039823113377352
14.247032351602257,5.806186317199845,13.483657781986087,8.48559565439892e-05,2.453319786753416
2.4363458393207242,18.8953753239179,13.519251948694064,0.015874368885327363,1.953903119557165
1.8233744648887127,14.591239595076221,10.713872887393336,0.07301400622297292,1.771215673760587
4.445304501119608,3.0602168870734374,13.592250095983658,0.07762091928717225,1.815685079403878
15.760024848877897,21.69021449118684,13.607821947432184,0.07019348103068064,1.9243454275504381
7.775205131007665,9.08487844704103,13.90735036957129,0.031727674653486165,1.9280440237385572
21.618742774373416,5.192693487327599,13.718604078565084,0.0011380017520469226,1.8464731638347733
-1.0596567802894719,19.324771923272177,13.297329220460819,0.07696448873685696,1.9140016952053966
1.9527756196649884,18.496089295184003,13.58921743796818,0.061332273851772354,1.941191713314732
23.733134428644092,2.689720765124834,13.885517644698796,0.07779093352739268,1.461699524697692
24.98157418935932,7.243358493718546,10.166445213240351,0.0511217308505669,1.6775610326547494
8.080063603789348,22.46291003180447,13.959424366944713,0.05272272060184841,1.721822367454293
6.223079866704513,12.968949122161854,13.657191659564704,0.008057783422732378,1.9318557442969975
-3.7733339453204273,15.936685078324793,13.911501721603129,0.05593189526398085,1.6995498311291197
11.67896213516324,21.93199050240732,13.561213129529282,0.08279321796357096,1.806247330640899
19.60053581425275,9.215301948231787,14.097791377039028,0.011623484090169233,2.2850770352305303
6.225563231110099,12.19808659814161,13.968392463864388,0.014909270767634791,1.8538172196745832
8.255995379739044,16.572619605905093,10.107843712483959,0.05708103994729441,1.923490636923201
-3.466366772783761,9.244378408218285,13.693400684050243,0.03021411615265534,1.8355550592893393
5.65638016679719,25.682381426119072,13.806569936864571,0.056012987682132455,1.8897362948000804
1.5725569040234313,25.31591111811894,13.664688591155084,0.07547393571674499,1.3257272921454573
-5.4689623604556035,11.681878793442104,13.726402218929355,0.03318470570413473,1.889879489640418
12.144353057617597,16.477038812763094,10.511237688991907,0.07483623345815242,1.2902863669288274
6.746341436153021,18.949205231987793,13.469147278785902,0.0949584584108785,1.4347146976232192
17.6096556282561,13.284962736595881,10.568924283079516,0.08258376016439263,1.6673719409208825
8.692639035657344,2.590840321451465,13.953680001004201,0.042373358139890224,1.9072733412530818
9.855187517016025,5.338987926861902,13.818238404568783,0.09308531564491435,1.9035734667430286
-1.0175959685342257,19.091849716024957,13.685137170987556,0.08303479052094345,1.9012231404362727
10.23194134840388,25.844222646457553,13.923634776420485,0.06537683626901371,1.5677248054277084
-3.5848196511210855,22.750306819643313,13.700755578048549,0.047438394540324835,1.8892771464440243
17.914545740857772,20.289077692735077,10.274313271034266,0.03645139562555756,1.5270429420427933
-0.6073632609763437,2.2608294554680395,13.672191888833014,0.06889980515998166,1.5928077732684254
-1.7700996598176852,5.431972075589551,13.824820269398145,0.06139111540968146,1.4609404694336532
-5.441137212195206,11.722678957457596,13.769863672606222,0.08028884681838654,1.8177245259676544
11.612749625944232,8.587333258790734,13.78757419824896,0.0004340309564679471,2.45350135171779
17.583734854534377,18.296990597845024,13.81678586559379,0.0674167513368316,1.9273756021248336
6.336381018908469,6.310114167646555,12.899145571873534,0.062447600709708985,1.7466946059005355
18.174226429751833,12.168784735380461,13.626055015281489,0.06053453210400289,1.5091236069946243
13.889851157914917,7.3871015944205345,10.18463529635216,0.0015300642823632994,2.453693871317388
-13.367685797752141,25.31000557881679,13.73363638017446,0.06048848712580908,1.5862265707706373
7.997863609941005,22.087189637057985,13.772467225039271,0.0692622618378609,1.334299170979506
21.800699962720362,11.90015719454488,14.241339980013315,0.057194068420811095,1.5861532037241164
15.658770952417719,8.756881882713312,13.971137289374198,0.0077251746887180535,2.4034783689645196
15.448626027017655,2.0158835400070387,14.008394854365323,-0.001732064315505513,2.3454755340897613
-5.664009736917159,12.56431062775998,13.770889760862229,0.032040471121796234,1.8053145124452468
-1.4526061309613059,5.569329552869531,14.030558800630194,0.057431246549913675,1.5588346085680471
16.25472777205333,9.104069441037126,14.155858600067457,0.0007068975879293855,2.4532734193363788
13.134608393410042,19.333713472873928,13.609047963640684,0.061579911750950365,1.5368624662938466
10.034443711088878,11.954446975492154,14.006286983931073,0.04371777580714646,1.8069679782145167
-7.672905668884926,16.44270480260535,10.667972195617967,-0.02473249528272945,2.0446183804252764
15.116718637074506,15.892227303773424,13.72474341044786,0.06190769199388146,1.3802200127840254
-10.089699157809708,26.42679900459115,13.686230004225894,0.08791933000799071,1.5365615522784029
7.503213181168176,22.784979001081965,13.6126924019486,0.07654117282942978,1.547635921778614
9.769280899113237,5.4855202454477805,14.1381464592187,0.09596281565091923,1.6048881293024437
3.5230909457250172,15.116745115852963,13.536496871159182,0.06921122472228393,1.938912781934937
7.788368439655998,21.590721909952325,13.618784135384832,0.0740156696152656,1.9119093105054037
12.345360743902635,15.880808588132309,13.66582382830861,0.0796791198224255,1.2153088533315948
-12.974228823071595,25.34116135535801,13.721322520590112,0.05871432639403957,1.6198479567424522
-11.336172395132667,22.818147321401486,14.042670038043102,0.031861238432550024,1.7523132461923567
-9.450242277188025,18.542616990603452,13.83382222757822,0.06250444711981536,1.7335686690405239
19.0219643974814,2.9530375635721646,13.545001425739065,0.04824337239469022,1.4357386892239192
1.688235923934618,25.408744789377096,13.809688132054447,0.08624044912588992,1.6143461199774811
2.998367811452421,5.187407906895474,13.614010444350066,0.04339291258834727,1.8547822591712646
19.62397571065427,15.309556123843947,14.046303425503238,0.042280202331819824,1.8438190353345902
4.190883892746663,15.709446336751745,13.573947530026414,0.04157703720592701,1.9314169584704195
7.0378945123544465,25.535127641616977,13.440388832678284,0.04609622210356513,1.5330727932137547
11.775230948363124,9.060593467659517,13.927074397538412,-0.006674747765374119,2.444445484703354
17.952485484599784,7.192861523193197,10.411492468015508,0.001547629636572897,2.453737391792439
3.5665913659990762,15.371182448882804,13.644450072901975,0.10974462964075857,1.8473605593433877
10.148042209297842,5.792890720654114,14.208678425089625,0.07853678282742993,1.5487911574078423
13.705595681700567,19.426539994105582,13.530009169185387,0.05925842424306255,1.494830130905403
7.555632347131523,10.466428035065649,10.12422814528373,0.1089791798156215,1.7114663130812326
11.629685124298621,1.829828733622754,13.870235990513953,0.08004422903542838,1.860496279932636
19.33828998708915,8.3858192957585,13.851252961407454,-0.0005047379346891142,2.4192069648646344
-1.8071803320908433,20.57114954326837,10.526091747576256,0.036163168361231034,1.851872136073001
-11.074416997842869,21.449304403543024,13.676164279908003,0.06605014104163343,1.923033186949001
15.719313634274862,8.7635301598891,14.038641427553184,0.001084832624951292,2.4532534790318876
-3.912286601812128,8.999160789758804,13.969756158578656,0.06886484144792283,1.845173972750303
21.29070670270158,5.71383869901377,13.88540401133662,0.06645520794258916,1.717285250895939
4.490186614557605,9.031863575981749,13.663032853464621,0.05848173579796314,1.9352184717519822
13.687464416191588,25.24594661470139,13.777014775464448,0.0681655600027653,1.9291047551544942
-5.619361454256635,12.124647203517643,14.039966740755734,0.06048858540868959,1.716757549195136
12.410168644217629,15.141363804380953,13.599974587679442,0.08210183090517763,1.5199687259746522
15.449572326694557,16.151948414496474,14.075770420199012,0.041520356726285894,1.5428625182728
-11.334884217822783,22.9421547696669,13.812483701733283,0.05381886714234461,1.569344767414193
18.771146596042737,15.531709194149517,13.732559625126438,0.07914932297788178,1.671860700325169
-3.5073702056190026,9.071832617595197,13.745684873139098,0.03434933225669384,1.582718345227239
3.500334849300497,21.926079741963655,13.576792087826918,0.04869911150830458,1.369148158352681
-5.358938148603459,19.257436082786803,14.168177241520134,0.01894912145635541,1.7406862185089973
-0.2524460858715256,22.240806575816343,13.905413167175244,0.04718517592869969,1.8196273292703284
9.84288228102512,5.37801089276938,13.825622365577237,0.09374545286386599,1.9027534242110582
19.024465833318672,3.0417636459262716,13.500546017640426,0.054242747018552126,1.6714442128862839
17.89501026000323,5.915532411438598,13.902035111380487,0.0022249329068172166,2.453179302800778
-3.5706845210896336,15.298737194439681,13.926393144878967,0.036319847922780535,1.7006196527563207
11.742856265764221,16.35429000315839,13.428281684075586,0.062028414245350875,1.6029630979765925
9.562124860417866,12.761225493800973,13.745014720436137,0.048512280383585835,1.5814247511710366
-7.521267758350323,21.882345955439106,13.923797286413082,0.009561138357733333,1.6803613934035968
-9.082602631843026,26.0663549819464,13.939378028337233,0.03409265942052658,1.6415795318189905
14.117808037709732,6.90246174693167,10.475607982674319,0.0018052721498582611,2.4537336655033757
9.471575167691007,5.164771150886294,13.821713511935636,0.07518299156387731,1.7504165483934147
9.62011302252025,25.755785517035967,13.715300296956805,0.05968167910042824,1.8592249304946036
-10.965828400437712,22.65860209662047,13.821697680113415,0.06188005340708593,1.381853163206128
13.253182508289395,11.908830113296228,13.854150949986519,0.059419994113017495,1.6508896243878985
-9.064111565887309,25.286750756374964,13.984541139943843,0.01563080501535191,1.4960570568913336
19.5391804140397,15.279156508754454,13.82342026630268,0.05397436286197252,1.9106341517236944
13.960403882253724,6.935880554809401,10.201922852327659,0.0003736788161831095,2.453237825337638
-1.3439703731544481,20.374698980190004,10.837786177651457,0.04481039000457496,1.9301444387414812
-3.2031868454693724,8.889647402918552,13.646787333945678,0.04502207034550093,1.4437050588328715
20.126198741272052,16.026762708463885,13.99419034430115,0.05757387713604586,1.5862261802632358
6.072273605341413,5.350632392689493,13.472376301630566,0.052544593062060385,1.912319748321253
-9.634070719112874,20.238972824738934,10.430254786944285,0.06613945849456455,1.739124466999049
16.02085142136172,22.15285900537023,13.831879103752179,0.05226983602885929,1.6878056000641568
-4.470595024443946,8.781403333752996,13.656297009825622,0.07279742750933313,1.8460464857963181
8.247477206568872,16.60592477085148,10.380612065715667,0.03137983138843086,1.7446081355669796
-5.093583061750923,12.2930541571241,14.167564060187077,0.05602275716217715,1.5353567677483584
-7.2450467974998265,23.007344141334812,14.187417734296748,0.05507817414396836,1.6353942667509052
-1.6997647221296321,20.561943589160393,10.609686617252505,0.0369609092579373,1.8598162202568551
17.863901190359563,4.755599832263318,13.801542446304751,0.006020779946197385,2.4357254143763223
2.3928686500203975,5.9190102044067,13.809954183006525,0.03901131181480168,1.6965403841748508
9.678947342001775,0.8332102071784635,10.047200521338905,0.058124823471441184,1.8847986060216033
11.50950375160733,3.735432031741923,10.253418615220149,0.05304171412002992,1.9438517125436148
7.709912990358008,22.13889560908905,13.494746060027376,0.07545661264233255,1.5414750616163646
-1.3780216915351249,19.351735064419874,13.474112280964329,0.044480288870335644,1.7941088733041388
2.0950850638988205,12.393882600861309,13.811722225038425,0.0864943643811323,1.8138332839985474
0.9897680049880091,8.973409847641033,13.69643917499872,0.09505630787638199,1.5630776729588314
15.676425649839393,2.8721714688764455,13.66261456006598,0.019070368863320974,2.2904074331361253
23.715456695279563,9.602259775729655,13.58244018178611,0.04968700603506489,1.381428140717791
-9.784636388402088,19.075922507822803,13.959301572572695,0.05572717761063941,1.934468736822894
-6.7769087987899725,22.447103923416723,13.954320556677501,0.046639965046270174,1.7036652333146614
25.825365178832996,6.332542694843497,13.391585460703418,0.06668263982080955,1.2625904437164257
16.318410014928453,15.693612212585773,13.585370326729784,0.07300649055976925,1.3006245371085952
-2.1682226741376853,26.285702066269636,13.624190196922724,0.05402035395733056,1.1589110540707748
0.5868631526989811,8.693094759220902,13.711518585716288,0.11463205766643085,1.6884302167621652
-5.802245231685793,24.851714795196116,13.645657461233741,0.04398004137659928,1.5467820536818273
-1.7377022921212986,25.327182443785418,13.789543284951286,0.056808183956406605,1.746432232055167
10.030703235330016,12.299916378502262,13.705393670003875,0.06456912712120148,1.7328628493344604
-7.451831608708707,21.850432541253003,13.705086475596543,0.11844143389770573,1.8626913764594604
8.600587412721762,22.160307712658238,13.477490734861924,0.07978832393778322,1.2678383811245664
2.060581573756493,25.281792770320557,13.853465150600943,0.08355921856206308,1.7109619649078431
19.400283877113424,9.69933631481009,13.75075725237281,0.016049258773301052,2.323873119872068
2.088042966758036,18.531251386188845,13.877510231249234,0.09547933386033819,1.8116312304248956
-7.350405450135873,15.212254845242029,13.851790986845568,0.056344036474053096,1.612393732216082
14.408435588562657,12.500167620879383,13.523250680153001,0.06235250752032773,1.4999668500100145
15.76646669564903,1.7226521158201826,13.850941587910468,0.007476844048499741,2.44037873346798
2.2188132336215296,25.750312731821662,13.625683289386389,0.006542421657087471,1.783643652038554
-3.9602665793535445,15.401716148896032,13.948114831989834,0.03353630686511313,1.8193450865668948
15.63749882865158,15.128124421493812,13.872831433870417,0.06630653615699098,1.9154052303005593
-5.533131838154525,18.552624045071855,13.939146812618816,0.023749371427989174,1.6751422936207598
-8.97891703046819,25.67733529397027,13.605838999380909,0.037428044297275295,1.5943713916647053
22.208482970520073,6.193929885788551,13.426806517990844,0.09580503494620699,1.5532405689680315
4.251538302483867,8.618666171918454,13.782925664542702,0.09710006369509062,1.9010585645521145
5.778087102290098,18.38610617314987,13.533941756444252,0.08046953188161307,1.9033724501397469
10.031245557229576,18.628442440720015,13.374879499721667,0.07293551370677935,1.685406968233309
-5.6616601066777115,12.34860937617855,13.893821349102481,0.046118084567982984,1.5392868563467674
9.792175485285428,5.368985425752408,13.96465370571336,0.06240001997880845,1.7676489748503563
4.1352368905049115,21.9877281453777,13.566938200726707,0.05867502941403734,1.5697884257432553
7.692344274973094,22.29313373457805,13.726355206966138,0.04998054840375478,1.826783490630845
-3.2597450599801885,8.861905286436924,13.871212495231504,0.047400461068353654,1.4859544550152946
25.428923303992846,5.314884299812308,14.066800159628064,0.048200554579351504,1.731637695605066
0.8544332846857372,3.4230129856701,10.61004135594272,0.08725497419670795,1.8946036960839434
16.55550499103212,9.047602260352656,13.327083102627086,0.000808766323377698,2.4533958474487876
6.193435754404768,0.4844971723757593,10.304595833293629,0.040683630826050775,1.7741855232056825
13.750027256902218,5.624627396798944,14.018685619545687,0.0030205769947269324,2.453526781544369
-3.29713770434583,9.824196979878838,10.966899162870373,-0.006463798126530009,2.0184593928053776
15.666097585697415,1.9999215642807755,13.792012819274673,0.0027637114487718602,2.4376478355478723
21.531713446803177,11.513643445373662,13.832213768213226,0.06449798516473394,1.9180385126972577
-11.447908189706286,22.839640365056706,13.985158196035695,0.053557496722635024,1.8262793977785836
-6.141365938451309,11.907651428742113,13.738171666658925,0.0610709993201699,1.5773356096764677
9.736776286567663,25.62712868576987,13.775757684930475,0.035649158709750516,1.8629904506844213
19.336311299849218,15.557464771196969,14.059633902778502,0.04758770870077695,1.8517986836171958
1.9081812742473543,12.651630721423754,13.906040081519597,0.03833033303842135,1.919411272073762
-9.097917764544816,25.64862329948879,14.162062227880206,0.013452143630217198,1.531311198908424
15.849865637661225,15.355891696855043,13.649384356669835,0.05683740708817658,1.9349345333295531
17.604880858337996,19.73722444697501,10.68039919935996,0.06670397536549107,1.2217455893493954
4.325924302662313,2.3163879271144086,13.864514452511855,0.038303997784065194,1.4195659085261854
14.215106643261505,12.261326555804217,13.837265244227291,0.061361199188802375,1.7356389418078688
0.10253439367216632,8.783605622322854,13.943804222370884,0.050773332594141,1.8944692129629905
-5.384322933495044,25.655681440993035,13.888774743766056,0.05772210036357607,1.5861307401735165
17.42397884673776,14.174025000473462,10.140285464769267,0.07481929145962074,1.6724859231647162
18.168346449715358,18.940645392173423,14.114183329592601,0.05187004567626779,1.5825057002865872
15.726472965283133,8.189888408063563,13.825854422294597,0.027121286119947935,2.4361535134831143
13.981492581310443,25.272584325712355,13.913964221161647,0.044667102279142494,1.6708499297261543
-1.2226957761985182,19.069072454463477,13.649074668561559,0.044336858421807936,1.7755947970422137
18.15320157552113,5.5403756513828215,14.044352633177082,0.0015402466359615225,2.45320414938799
9.690831740941736,5.883160286320733,13.973027355887318,0.08092470632810203,1.9499419201467232
6.462676566113073,5.940376587457407,13.295355936068935,0.07576415969666003,1.8505907315577352
-5.276924279700718,14.090612222826284,10.16178543912848,0.06473809075638959,1.5672930013408615
6.0034954226345,12.062048576939036,13.99514865490459,0.043307274752369604,1.9085387489967396
-6.0291684243217105,18.63753490243871,13.674263296265684,0.07060739206770213,1.5531389914924136
6.213319544119258,18.65961002432602,13.606918774357663,0.023553875972683904,1.3376768829337138
4.132067717075553,8.921935827847497,13.92402989352682,0.06285734242448214,1.9115314132413967
7.751637295245837,2.114612921473917,13.747073281853194,0.03129559990916859,1.9334307130762158
2.161712172268179,19.19113672363843,13.697803480809934,0.015533880011707253,1.85714330765252
0.2519155881852806,23.54697767486726,10.194707880339994,0.04150804203572902,1.8091895714770514
5.762263854254612,18.478342885499575,13.590239457316734,0.06691634519012077,1.8306601638863698
-3.616309912499772,8.761948174863868,13.768539583760754,0.008766910945362784,1.3355633390744348
-7.398677628215509,15.716771225124809,14.040852232353442,0.053169665566202375,1.3788738968228653
5.684649962803189,19.443579792774912,13.439679897266359,0.057415488356548576,1.8109501184827024
2.699397644361751,25.83472603574469,13.443791762552245,0.004676353053219804,1.6106349889995641
5.6020828879497815,13.176443844326792,13.328348762028858,0.044478551608319865,1.9233746474460385
15.26093212264014,10.680277442104465,10.154250160770806,0.0013065396769963659,2.4533625134513444
7.231716935613594,8.43729720950035,13.791686369538306,0.06976722869247942,1.926178939585284
0.5614960333456409,2.212850552428324,13.674159342338422,0.0971612793011567,1.8402405561145065
0.05321113749412065,21.705023422752387,13.722351654925399,0.07410419481902239,1.8169722357646982
16.168630601340297,9.5585397353441,13.78164892458241,0.0016248141708191095,2.453700787634481
20.277134984067736,2.2957936495447733,13.39606028291053,0.10090052992533272,1.6158285294972665
-3.7834173323655804,10.435653214950756,10.219262109741472,0.057750886882654354,1.5290268399593716
19.527051839733595,9.250497285137655,13.90419212029782,0.015322572438851746,2.3215585757435875
15.701702576883239,9.626389496391123,13.587754719269755,0.0011027572868905623,2.453658674066883
19.369394055277102,15.189501997868765,13.982450572519866,0.053270404710114905,1.8765010695213307
27.027352617540018,2.202589660717829,13.840217118092127,0.030828239341126478,1.7676657580055353
11.590612171680954,15.492610004306364,13.772710274794724,0.06154970707680043,1.8017892722248745
-2.421613138323075,20.815903277908735,10.582224173412031,-0.020997851089686024,1.2343385568166436
6.143602191630919,0.753205336964637,10.156745743291268,0.07348632419568014,1.6119505434706394
1.9402517376742967,6.1334306657607955,13.756099450044692,0.03917842843753226,1.4685784082743325
17.978247437234465,19.364014268350807,13.73333575350393,0.05596471365997028,1.3746648574010774
0.4831861320652786,8.980596222738809,13.991458727893963,0.08872990251762912,1.453837445737344
27.401810723766967,2.472392336909308,13.870698427790904,0.03804749946065661,1.6035056203834095
9.859320750123015,12.908792256740915,13.775672656790467,0.06887010005984516,1.442797017386534
11.9867394812495,21.926204179617763,13.74642937461073,0.0764614656338663,1.5261986846277054
-5.946627683274761,25.501732951337928,13.794012948625666,0.07569648030047024,1.6139314753247658
-3.7785484284026642,8.802285414154378,13.865838244959608,0.05495153051434574,1.86665208023144
-9.073792031450367,19.174440408923868,13.855996803007756,0.012480267834667352,1.8783764363516187
17.211509382528266,7.278108523170934,10.202992028134132,-0.003050849321195771,2.4525326487135146
6.507644921435245,25.393371690126482,13.707034486063046,0.05787057293705296,1.6697375651960409
5.742781383913259,13.894415933928828,10.047896254865705,0.08141613455053283,1.7090586523512412
5.261437126819692,5.560035688695307,13.238154055837146,0.020672565942971597,1.7541393031262986
13.780815301004917,26.284525559561892,14.135898296861933,0.0326463558966664,1.5642017234100085
8.356898572737446,2.8196046582367407,13.850015716962615,0.05736403649674659,1.9151328043519245
15.477201726107989,15.54535409043885,14.047188088761818,0.05435165477831315,1.7544824448995175
6.179006281242232,25.340907511400925,13.90294260415611,0.04244015364004419,1.7918141507045604
6.104113952087689,12.654866822516667,13.878582354233503,0.01009101554871564,1.8578281137492634
-5.678117460996075,18.725203410899766,13.767035702353494,0.04919352335493441,1.756476823491489
15.7746191226947,2.2523814792499417,13.991057605881329,0.010356028168784712,2.2444438583539275
0.48026702933635534,15.616024589398162,13.719995975193095,0.054559668877692105,1.8464777431553394
4.6689804112829325,22.557079933701587,13.601196554187418,0.02714278980958368,1.5450231496183
-3.1745162537443097,9.117962743867812,14.279209612948716,0.044706544220880204,1.5591104273055456
2.6668070293476864,6.548316304498301,13.438179114253822,0.054556179798894364,1.846198575478164
16.191699317296496,2.6437711384285136,13.555411107324424,0.02532998060310129,2.353351408073435
-13.355702361315066,25.32980805432013,13.79592545854013,0.06092639756317695,1.5799362340613916
5.718070107585388,11.638273101352198,13.851226299498684,0.14986395834522703,1.775644760182186
-1.7393104073997632,25.622340284685134,13.737373131653122,0.1276888799752195,1.7106751393503359
23.295801657225933,10.732275660903989,10.141163801124257,0.06362262755006774,1.4482621453078384
23.1877026909827,2.022986839894248,13.990164672830458,0.052105689651506325,1.8360912600183812
-0.4758777200922504,22.429756228907216,13.543221477792805,0.07408193374165153,1.6004767428917268
4.030649936760238,16.443498467106398,10.526864737420297,0.033951214661086214,1.9325832131195846
19.37017981231665,1.6653362610607032,13.933567498223518,0.06670606010931399,1.947921846094514
-5.736463940122103,18.98526468936891,13.925685209888448,0.013076439860841386,1.7175024354515949
5.773761079282463,5.939292932473764,13.498180678673677,0.084550158167389,1.8571235575575678
-0.27837053685682944,21.84853246776594,13.625548705261801,0.016879147852283203,1.8214109183313416
2.007153264625704,12.486372565065873,13.864900360263514,0.039983869654581956,1.5853805922608029
6.162679592231443,5.243400339990671,10.85130103518469,0.062418627126038205,1.918560586443113
-5.957380768601388,25.744989014410223,13.92015614070727,0.04723730090126616,1.4830802572264332
19.552841128575515,10.529816086443402,10.169572059916174,0.011465652695712189,2.2038519318442003
-3.3207556796196136,21.841901814732374,13.74883682453639,-0.004222462696773263,1.4655756083497113
9.54362624254484,5.492019387309148,14.020443027418157,0.09287896849522867,1.6637477915295165
8.393412225086411,2.390193198651887,13.659468355177776,0.06111854978332471,1.802950208855267
14.412851426704732,12.214651189005933,13.856860391734218,0.05424088692131322,1.7160395890512388
18.077650347742303,19.15665226701952,13.837586450144283,0.04358293022488677,1.7251153456403556
20.01602839378155,15.276322585210487,14.063146002305647,0.049883313628937,1.7079194748807542
15.320063357120866,8.25965469399781,13.770590258437604,0.008724285524092143,2.452184335178584
8.683641764613323,2.062648926160553,13.477299127031902,0.05016084801725513,1.9123692531280132
-3.8840580670419804,10.183017076332364,10.350207521670814,0.05240334314089584,1.4768167185382242
20.95939320119998,12.897720351443937,13.702851473876613,0.0823480788460701,1.5863047246744881
-1.9804910904110746,25.617581067096513,13.859476108081639,0.05960250341897659,1.6508858564963727
11.565594734499733,9.242311539946243,13.955854114951116,0.0052145030604867654,2.4511635412052915
17.338798848569876,6.548938209000094,10.815186962563184,0.004327540898694646,2.4520534817572175
27.24202697814501,3.102974788478326,13.583734233273647,0.05439750028710063,1.518816580437513
-9.632505908489005,18.703000923469624,13.977386203198778,0.05029538199059144,1.886807735549231
17.124489137450244,5.524812497334599,13.857432876165355,0.010888167115688886,2.4507160470812064
17.14285217329457,11.444880083034839,13.658762282286105,0.02966165183559768,1.9490808230023777
0.12085792441651999,15.10495861517368,13.555898368061287,0.020533331008208432,1.7102357278544071
-0.13030527947436954,22.116913354759287,13.56855590501368,0.09987371454630854,1.889768541103313
19.9444733997332,9.610555150144432,13.901306803128945,0.019873326675120498,2.3574718186324093
3.816194302889315,8.704554184832398,13.876979012134992,0.10516622041252345,1.8882285801614613
14.411013326522912,26.090669024000558,13.488316872330946,0.04138246871182087,1.5464205457254212
10.107345805595221,12.227235671482713,13.649603416551713,0.052771971130955005,1.8103379375966675
23.136923254706808,9.0690629664027,13.89062084046451,0.03964446865556818,1.2423500841951527
-9.038262781030884,18.813433584175268,13.72824814979907,0.04763086407407176,1.494338841423143
-0.010980112559650923,8.794859062313158,13.711956850529756,0.049663984170803054,1.6793233434977624
5.463713305383304,18.412654277150704,13.450552322139465,0.03562327767373294,1.5924845968882624
11.648433543459678,1.8092917908460047,13.945503460107675,0.007383958346277027,1.6207178878096098
-2.0437867555568063,11.564746675741468,13.615368587295853,0.10999164341427707,1.771868276106992
1.9328416098175678,18.963729204918348,13.603128676401653,-0.014329703198097184,1.9968708113920206
-6.100613509088019,19.143065710241576,13.955217835997809,0.025218292217027916,1.6827846836410505
4.4430610719314885,1.5253327681375421,13.771113992917247,0.07234439474016816,1.5425398564676023
21.806570547402362,4.9973150841556135,13.64755587642061,0.04931357519513214,1.2415474645711955
-9.384685508614849,19.03061044031659,13.815160918552408,0.08393232831028151,1.8470381775096885
5.8456501234246785,25.36567903624139,13.916249152884786,0.05178434859122379,1.8140374197887925
-5.603027700236186,12.462048463910065,13.92692553105535,0.030337424192161264,1.3677908535638217
10.092522047828231,13.14294923230811,13.393290677320962,0.054791301044251645,1.5165396036189078
